codigo_provincia_electoral,provincia_electoral,codigo_departamento_electoral,departamento_electoral,codigo_provincia_censo,provincia_censo,codigo_departamento_censo,departamento_censo,per_propietario,nbi,masculinidad,extranjeros,analfabetismo,no_usa_pc,menor_15,mayor_65,desocupados,universitarios,per_urban,census_code
1,Capital Federal,1,Comuna 1,2,Ciudad de Buenos Aires,1,Comuna 1,0.488409812,0.102558424,0.910083589,0.247457331,0.034040902,0.298616672,0.15411927,0.141456923,0.034065469,0.309633004,1,2001
1,Capital Federal,2,Comuna 2,2,Ciudad de Buenos Aires,2,Comuna 2,0.581989174,0.013861368,0.75694738,0.098276473,0.023021274,0.175967485,0.110186663,0.197964947,0.027121251,0.518842434,1,2002
1,Capital Federal,3,Comuna 3,2,Ciudad de Buenos Aires,3,Comuna 3,0.507100349,0.09445147,0.839752394,0.162453276,0.032441969,0.269808704,0.149847763,0.160117737,0.031853375,0.27511474,1,2003
1,Capital Federal,4,Comuna 4,2,Ciudad de Buenos Aires,4,Comuna 4,0.599725329,0.116622081,0.89647981,0.177699375,0.047510618,0.35364571,0.20961305,0.128846022,0.038934851,0.145562528,1,2004
1,Capital Federal,5,Comuna 5,2,Ciudad de Buenos Aires,5,Comuna 5,0.584519689,0.050147143,0.82288007,0.106013798,0.031661372,0.233646675,0.145023882,0.172062233,0.029618222,0.31559649,1,2005
1,Capital Federal,6,Comuna 6,2,Ciudad de Buenos Aires,6,Comuna 6,0.660109856,0.017731332,0.811369669,0.074751812,0.031294002,0.200393362,0.142756537,0.183261773,0.025707096,0.374586281,1,2006
1,Capital Federal,7,Comuna 7,2,Ciudad de Buenos Aires,7,Comuna 7,0.64020716,0.078596867,0.867674202,0.185714739,0.043870748,0.301617169,0.186775526,0.156869501,0.032760106,0.228934916,1,2007
1,Capital Federal,8,Comuna 8,2,Ciudad de Buenos Aires,8,Comuna 8,0.696979589,0.118800087,0.916605249,0.233618355,0.060912472,0.434080743,0.252263174,0.103724157,0.04471061,0.076398434,1,2008
1,Capital Federal,9,Comuna 9,2,Ciudad de Buenos Aires,9,Comuna 9,0.684326047,0.037020665,0.890372707,0.135478408,0.042204957,0.327421786,0.187092468,0.164996879,0.035541771,0.161668186,1,2009
1,Capital Federal,10,Comuna 10,2,Ciudad de Buenos Aires,10,Comuna 10,0.691959709,0.030022772,0.864368332,0.102257532,0.038465372,0.269444427,0.16642975,0.175235812,0.031853918,0.225884604,1,2010
1,Capital Federal,11,Comuna 11,2,Ciudad de Buenos Aires,11,Comuna 11,0.708368318,0.017057267,0.87279382,0.079317502,0.034326946,0.240112932,0.159962493,0.179895908,0.028591548,0.268742097,1,2011
1,Capital Federal,12,Comuna 12,2,Ciudad de Buenos Aires,12,Comuna 12,0.697022165,0.014289996,0.860004276,0.066841232,0.034961559,0.224479126,0.157553619,0.173204541,0.028432227,0.306953337,1,2012
1,Capital Federal,13,Comuna 13,2,Ciudad de Buenos Aires,13,Comuna 13,0.65819951,0.01450583,0.814375015,0.085734294,0.030631065,0.178521555,0.141282405,0.18831458,0.02416516,0.439112918,1,2013
1,Capital Federal,14,Comuna 14,2,Ciudad de Buenos Aires,14,Comuna 14,0.606521697,0.017153618,0.802151704,0.103549144,0.026040978,0.172789426,0.127304509,0.179484002,0.02614003,0.482969965,1,2014
1,Capital Federal,15,Comuna 15,2,Ciudad de Buenos Aires,15,Comuna 15,0.632470848,0.035949983,0.861309627,0.102155838,0.034799302,0.239919703,0.15748135,0.16278331,0.029142898,0.285945054,1,2015
2,Buenos Aires,1,ADOLFO ALSINA,6,Buenos Aires,7,Adolfo Alsina,0.735930736,0.026348966,0.969770393,0.009664948,0.053139803,0.489467543,0.21514761,0.156982193,0.037901736,0.055418567,0.7473,6007
2,Buenos Aires,56,G. CHAVES,6,Buenos Aires,14,Adolfo Gonzales Chaves,0.719218862,0.023603915,0.96269143,0.007636756,0.054939341,0.429246935,0.231675936,0.15090894,0.026005993,0.055184534,0.7482,6014
2,Buenos Aires,2,ALBERTI,6,Buenos Aires,21,Alberti,0.768286311,0.017209962,0.946647177,0.010137038,0.052911094,0.474341193,0.217758588,0.173268256,0.018088778,0.062419114,0.7671,6021
2,Buenos Aires,3,ALTE. BROWN,6,Buenos Aires,28,Almirante Brown,0.810856626,0.104776658,0.956101962,0.053866689,0.06711657,0.465536118,0.265810216,0.086679014,0.04820493,0.070907451,1,6028
2,Buenos Aires,4,AVELLANEDA,6,Buenos Aires,35,Avellaneda,0.733264393,0.053649006,0.899403036,0.076512284,0.051367731,0.39007199,0.214671542,0.136621366,0.042432685,0.113863562,1,6035
2,Buenos Aires,5,AYACUCHO,6,Buenos Aires,42,Ayacucho,0.685230372,0.035323501,0.964547913,0.009195063,0.064848359,0.54869022,0.249004278,0.142449722,0.024683339,0.057721652,0.8482,6042
2,Buenos Aires,6,AZUL,6,Buenos Aires,49,Azul,0.72284287,0.03026884,0.941008563,0.010340074,0.057928444,0.466021,0.23638174,0.142279412,0.033162092,0.074922227,0.9379,6049
2,Buenos Aires,7,BAHIA BLANCA,6,Buenos Aires,56,BahÍ_a Blanca,0.6742325,0.03149802,0.921771048,0.044772061,0.050193973,0.359629234,0.209803961,0.131295346,0.041272578,0.148983707,0.9953,6056
2,Buenos Aires,8,BALCARCE,6,Buenos Aires,63,Balcarce,0.707269022,0.054112926,0.964892615,0.021221733,0.054900744,0.481292312,0.225247016,0.141272848,0.034887113,0.085293974,0.8644,6063
2,Buenos Aires,9,BARADERO,6,Buenos Aires,70,Baradero,0.756912442,0.049020405,0.977366007,0.019535423,0.067825363,0.477946446,0.249168218,0.122615305,0.035673701,0.057097153,0.8681,6070
2,Buenos Aires,10,ARRECIFES,6,Buenos Aires,77,Arrecifes,0.759166143,0.038178473,0.92791238,0.011534224,0.060286251,0.524690682,0.245937199,0.128529128,0.030148486,0.054088789,0.9013,6077
2,Buenos Aires,59,JUAREZ,6,Buenos Aires,84,Benito JuÍçrez,0.714854111,0.026431196,1.0239,0.010326597,0.053982985,0.503446404,0.240328079,0.141508968,0.03427952,0.05617801,0.7278,6084
2,Buenos Aires,11,BERAZATEGUI,6,Buenos Aires,91,Berazategui,0.791743592,0.100636266,0.95756961,0.057105143,0.063611086,0.449393377,0.261016395,0.08813116,0.052214272,0.074137609,0.9998,6091
2,Buenos Aires,12,BERISSO,6,Buenos Aires,98,Berisso,0.790921345,0.104209028,0.946192089,0.054560868,0.059081405,0.430728008,0.246309483,0.107471459,0.050115913,0.107967291,0.9825,6098
2,Buenos Aires,13,BOLIVAR,6,Buenos Aires,105,BolÍ_var,0.727128812,0.026680756,0.969243175,0.011055864,0.053137744,0.520531173,0.211874817,0.173237789,0.019990947,0.058282209,0.8564,6105
2,Buenos Aires,14,BRAGADO,6,Buenos Aires,112,Bragado,0.778951788,0.032324455,0.939655577,0.008491388,0.05657562,0.46541687,0.228880395,0.157199536,0.026805799,0.059960968,0.8699,6112
2,Buenos Aires,15,BRANDSEN,6,Buenos Aires,119,Brandsen,0.722849592,0.066350711,0.982034128,0.031364964,0.072883603,0.468571891,0.2775439,0.100201009,0.030993336,0.076941996,0.8386,6119
2,Buenos Aires,16,CAMPANA,6,Buenos Aires,126,Campana,0.738572089,0.076341387,1.001716465,0.02827622,0.068462339,0.430595839,0.266501519,0.089317284,0.039941661,0.096368763,0.9373,6126
2,Buenos Aires,17,CAê‚UELAS,6,Buenos Aires,134,CaÍ±uelas,0.731844305,0.0855454,0.997997844,0.037944192,0.076644056,0.498688531,0.288580128,0.081245664,0.03471224,0.066231737,0.8672,6134
2,Buenos Aires,18,C. SARMIENTO,6,Buenos Aires,140,CapitÍçn Sarmiento,0.697131849,0.056629042,0.949166218,0.01441976,0.059010933,0.433959506,0.246722782,0.125914171,0.024562037,0.05541636,0.8932,6140
2,Buenos Aires,19,C. CASARES,6,Buenos Aires,147,Carlos Casares,0.735562701,0.033982638,0.953870486,0.012816477,0.057891759,0.45820967,0.241084679,0.143589513,0.021503476,0.052987113,0.8297,6147
2,Buenos Aires,20,C.TEJEDOR,6,Buenos Aires,154,Carlos Tejedor,0.709507042,0.029734584,1.007286607,0.007087295,0.059724349,0.48994266,0.238634399,0.154278306,0.014707533,0.042617542,0.7214,6154
2,Buenos Aires,21,C. DE ARECO,6,Buenos Aires,161,Carmen de Areco,0.707622544,0.042713568,0.995111353,0.010345766,0.06533238,0.500288559,0.248230329,0.119861149,0.024003583,0.052363266,0.8662,6161
2,Buenos Aires,23,CASTELLI,6,Buenos Aires,168,Castelli,0.694597574,0.03612674,0.949857414,0.012309567,0.060648442,0.525377761,0.241072517,0.138330286,0.028261217,0.049278377,0.8297,6168
2,Buenos Aires,24,COLON,6,Buenos Aires,175,ColÍ_n,0.782810402,0.03371515,0.947421954,0.006669345,0.062368488,0.518797312,0.238971474,0.13479309,0.038238521,0.05729702,0.9318,6175
2,Buenos Aires,27,CNEL. ROSALES,6,Buenos Aires,182,Coronel de Marina Leonardo Rosales,0.670150329,0.023988711,0.958221746,0.016137856,0.056650705,0.342828855,0.24609023,0.11137212,0.040825124,0.078489671,0.94,6182
2,Buenos Aires,25,CNEL. DORREGO,6,Buenos Aires,189,Coronel Dorrego,0.715239937,0.020148187,0.947932053,0.011879937,0.053769109,0.499067413,0.213775671,0.176556082,0.029557437,0.053499866,0.7084,6189
2,Buenos Aires,26,CNEL. PRINGLES,6,Buenos Aires,196,Coronel Pringles,0.742003211,0.030417872,0.940514469,0.006497187,0.059764041,0.50310931,0.229363799,0.149958575,0.034355209,0.052061139,0.8745,6196
2,Buenos Aires,28,CNEL. SUAREZ,6,Buenos Aires,203,Coronel SuÍçrez,0.768418705,0.018721488,0.958299264,0.008376827,0.050416508,0.469641873,0.215448852,0.144519833,0.020582114,0.054135131,0.8051,6203
2,Buenos Aires,29,CHACABUCO,6,Buenos Aires,210,Chacabuco,0.719447139,0.035712399,0.947107504,0.022401084,0.059675513,0.509472318,0.231505246,0.149066793,0.021274913,0.06185454,0.8343,6210
2,Buenos Aires,30,CHASCOMUS,6,Buenos Aires,217,ChascomÍ_s,0.731568726,0.033763429,0.959990728,0.017669182,0.062599681,0.447946586,0.252312132,0.120017977,0.035271598,0.079537385,0.9058,6217
2,Buenos Aires,31,CHIVILCOY,6,Buenos Aires,224,Chivilcoy,0.722592039,0.029495472,0.919350498,0.018524577,0.057100548,0.481513144,0.224600763,0.157560178,0.031244392,0.07039759,0.9335,6224
2,Buenos Aires,32,DAIREAUX,6,Buenos Aires,231,Daireaux,0.709253513,0.033936996,0.989984682,0.011605187,0.062975433,0.482450623,0.256616733,0.124104447,0.021959062,0.058338094,0.7062,6231
2,Buenos Aires,33,DOLORES,6,Buenos Aires,238,Dolores,0.763438472,0.030038852,0.934196409,0.008024554,0.062678723,0.451836041,0.242770505,0.137009097,0.02735026,0.071173399,0.9537,6238
2,Buenos Aires,34,ENSENADA,6,Buenos Aires,245,Ensenada,0.790632345,0.092840527,0.960295795,0.030760281,0.064357542,0.423519459,0.257540235,0.10493751,0.050982325,0.097456907,0.994,6245
2,Buenos Aires,35,ESCOBAR,6,Buenos Aires,252,Escobar,0.753955419,0.106483535,0.985269791,0.053792032,0.0727392,0.447846059,0.287319948,0.065326586,0.043100131,0.079601226,0.9937,6252
2,Buenos Aires,36,E. ECHEVERRIA,6,Buenos Aires,260,Esteban EcheverrÍ_a,0.777189594,0.104441722,0.967322312,0.100884174,0.06845701,0.476868415,0.278081068,0.06975701,0.050158374,0.073257822,0.9991,6260
2,Buenos Aires,37,E. DE LA CRUZ,6,Buenos Aires,266,ExaltaciÍ_n de la Cruz,0.68289199,0.060775658,1.002755006,0.050561986,0.07122588,0.483622696,0.270961248,0.088441537,0.029398442,0.085878418,0.5886,6266
2,Buenos Aires,132,EZEIZA,6,Buenos Aires,270,Ezeiza,0.817205026,0.126905101,1.0010022,0.081803301,0.076410944,0.495222061,0.300075738,0.055887419,0.049112983,0.047550636,0.9962,6270
2,Buenos Aires,38,FCIO. VARELA,6,Buenos Aires,274,Florencio Varela,0.798214522,0.168399168,0.999122461,0.068757409,0.078939331,0.538601439,0.303630239,0.059682398,0.054407912,0.035256619,1,6274
2,Buenos Aires,127,F.AMEGHINO,6,Buenos Aires,277,Florentino Ameghino,0.705961152,0.032349166,0.993033708,0.010824219,0.068292683,0.477917415,0.259894013,0.117487879,0.020590868,0.040402815,0.8091,6277
2,Buenos Aires,39,GRAL. ALVARADO,6,Buenos Aires,280,General Alvarado,0.708765316,0.032237498,0.961069837,0.025508915,0.060517352,0.442501011,0.252361469,0.126660605,0.035711893,0.069672909,0.9026,6280
2,Buenos Aires,40,GRAL. ALVEAR,6,Buenos Aires,287,General Alvear,0.680471584,0.034154672,1.294845361,0.010512129,0.059130273,0.494522182,0.217969452,0.117250674,0.023476727,0.039718738,0.8566,6287
2,Buenos Aires,41,GRAL. ARENALES,6,Buenos Aires,294,General Arenales,0.766848132,0.021264115,0.951931893,0.007649467,0.051868377,0.494009022,0.206065893,0.176273234,0.020048654,0.060275138,0.7655,6294
2,Buenos Aires,42,GRAL. BELGRANO,6,Buenos Aires,301,General Belgrano,0.716711052,0.027380055,0.955077685,0.015721278,0.051671183,0.521110362,0.230348402,0.154966887,0.027053285,0.066360856,0.8901,6301
2,Buenos Aires,43,GRAL. GUIDO,6,Buenos Aires,308,General Guido,0.64079602,0.026086957,1.052478134,0.012428977,0.0625,0.586696562,0.230113636,0.145241477,0.016787659,0.032992036,0,6308
2,Buenos Aires,47,GRAL. MADARIAGA,6,Buenos Aires,315,General Juan Madariaga,0.702147821,0.062598219,0.932191781,0.020458804,0.070654206,0.50588868,0.267838153,0.123107307,0.030979778,0.045377415,0.9012,6315
2,Buenos Aires,44,GRAL. LAMADRID,6,Buenos Aires,322,General La Madrid,0.678580884,0.02549177,0.976718607,0.009552073,0.05294744,0.475985101,0.237967171,0.125568024,0.028454304,0.053376585,0.7362,6322
2,Buenos Aires,45,LAS HERAS,6,Buenos Aires,329,General Las Heras,0.677009265,0.058318099,0.955476753,0.025992343,0.066139062,0.452557843,0.268184566,0.10517832,0.029251275,0.065549,0.7603,6329
2,Buenos Aires,46,GRAL. LAVALLE,6,Buenos Aires,336,General Lavalle,0.650510204,0.055455093,1.047592695,0.028648649,0.077620397,0.543678161,0.272972973,0.101621622,0.031446541,0.036267915,0,6336
2,Buenos Aires,48,GRAL. PAZ,6,Buenos Aires,343,General Paz,0.673453199,0.03525398,0.985466147,0.019103731,0.063142163,0.527568686,0.250401714,0.138278879,0.024788534,0.044791766,0.7074,6343
2,Buenos Aires,49,GRAL. PINTO,6,Buenos Aires,351,General Pinto,0.711162551,0.027517564,1.003023835,0.006393748,0.065515961,0.493596882,0.25042181,0.129118196,0.025424708,0.040297524,0.5783,6351
2,Buenos Aires,50,GRAL. PUEYRREDON,6,Buenos Aires,357,General PueyrredÍ_n,0.686087305,0.031858942,0.912259998,0.037530554,0.052619526,0.388122583,0.215095906,0.142446796,0.047530208,0.13052677,0.9857,6357
2,Buenos Aires,51,GRAL. RODRIGUEZ,6,Buenos Aires,364,General RodrÍ_guez,0.760651529,0.118343397,0.983099809,0.049893904,0.078446063,0.516049321,0.30545392,0.068899467,0.03906071,0.057486074,0.9817,6364
2,Buenos Aires,52,GRAL. SAN MARTIN,6,Buenos Aires,371,General San MartÍ_n,0.730874912,0.064783018,0.91666898,0.091381858,0.052883656,0.404994626,0.218628379,0.130010913,0.038179793,0.09937127,1,6371
2,Buenos Aires,54,GRAL. VIAMONTE,6,Buenos Aires,385,General Viamonte,0.767896914,0.025029029,0.968423345,0.004923111,0.057944249,0.486326984,0.219548623,0.15781613,0.024598252,0.054716427,0.7985,6385
2,Buenos Aires,55,GRAL. VILLEGAS,6,Buenos Aires,392,General Villegas,0.692709341,0.049428753,1.015937296,0.00936366,0.065629159,0.482057622,0.260303266,0.119686366,0.022054706,0.054667963,0.649,6392
2,Buenos Aires,57,GUAMINI,6,Buenos Aires,399,GuaminÍ_,0.703835227,0.015964359,1.00508647,0.012599357,0.055139611,0.491441885,0.228986978,0.156688652,0.024051602,0.047068316,0.6228,6399
2,Buenos Aires,58,H. YRIGOYEN,6,Buenos Aires,406,HipÍ_lito Yrigoyen,0.727162367,0.0250501,0.977919934,0.007511737,0.062684932,0.487054117,0.245592071,0.153573292,0.020245145,0.051207513,0.9083,6406
2,Buenos Aires,134,HURLINGHAM,6,Buenos Aires,408,Hurlingham,0.748866151,0.068138369,0.928854975,0.055164118,0.055180349,0.414123102,0.227376808,0.117340999,0.044900974,0.096206911,1,6408
2,Buenos Aires,133,ITUZAINGO,6,Buenos Aires,410,ItuzaingÍ_,0.801784465,0.046606585,0.93711621,0.046578558,0.051952331,0.359280451,0.218747021,0.122306702,0.042471161,0.134661004,1,6410
2,Buenos Aires,129,J.C.PAZ,6,Buenos Aires,412,JosÍ© C. Paz,0.769275815,0.119610204,0.974764274,0.050804381,0.074578132,0.547027127,0.292321632,0.067967261,0.048338854,0.039330575,1,6412
2,Buenos Aires,60,JUNIN,6,Buenos Aires,413,JunÍ_n,0.733003464,0.035802817,0.92790504,0.011472233,0.053863084,0.397232262,0.216311389,0.149869885,0.029305861,0.091352696,0.9848,6413
2,Buenos Aires,119,LA COSTA,6,Buenos Aires,420,La Costa,0.68858825,0.014081341,0.96736735,0.072982638,0.058255789,0.441791546,0.244395617,0.133083452,0.038481127,0.073231896,0.9976,6420
2,Buenos Aires,61,MATANZA,6,Buenos Aires,427,La Matanza,0.735385402,0.129764781,0.953322202,0.096677809,0.065945493,0.495496131,0.267502939,0.083752483,0.040524438,0.056750427,0.9999,6427
2,Buenos Aires,62,LANUS,6,Buenos Aires,434,LanÍ_s,0.76107999,0.047033638,0.910491285,0.071891269,0.050995073,0.417649696,0.209074104,0.13844355,0.04284662,0.106852895,1,6434
2,Buenos Aires,63,LA PLATA,6,Buenos Aires,441,La Plata,0.710459846,0.071715789,0.92981204,0.066323412,0.05531347,0.355567116,0.221375037,0.112870688,0.039670467,0.243184836,0.9897,6441
2,Buenos Aires,64,LAPRIDA,6,Buenos Aires,448,Laprida,0.72062212,0.027635857,0.937381404,0.004407444,0.064854849,0.470274788,0.263956905,0.136238981,0.022946064,0.045687939,0.867,6448
2,Buenos Aires,65,LAS FLORES,6,Buenos Aires,455,Las Flores,0.746986485,0.036091725,0.932405084,0.008922961,0.057013694,0.567105905,0.231745633,0.156005195,0.020110282,0.055033136,0.8898,6455
2,Buenos Aires,66,L. N. ALEM,6,Buenos Aires,462,Leandro N. Alem,0.737506485,0.036978417,0.957013048,0.006548009,0.066483893,0.512034186,0.250252991,0.153759152,0.024759069,0.047528276,0.8842,6462
2,Buenos Aires,135,LEZAMA,6,Buenos Aires,217,Lezama,0.731568726,0.033763429,0.959990728,0.017669182,0.062599681,0.447946586,0.252312132,0.120017977,0.035271598,0.079537385,0.9058,6217
2,Buenos Aires,67,LINCOLN,6,Buenos Aires,469,Lincoln,0.737059471,0.027860926,0.962540487,0.006984309,0.056778389,0.463496131,0.232276119,0.146072522,0.022753094,0.057473893,0.7454,6469
2,Buenos Aires,68,LOBERIA,6,Buenos Aires,476,LoberÍ_a,0.707726195,0.033801641,1.006526967,0.008160703,0.057059559,0.529096708,0.233407522,0.14569423,0.022609724,0.05309466,0.7271,6476
2,Buenos Aires,69,LOBOS,6,Buenos Aires,483,Lobos,0.70593242,0.039416058,0.936921017,0.023609422,0.063046265,0.520426183,0.24878359,0.134966272,0.027761564,0.06208801,0.8338,6483
2,Buenos Aires,70,L. DE ZAMORA,6,Buenos Aires,490,Lomas de Zamora,0.783202008,0.089439793,0.930474851,0.093438199,0.061888004,0.473522459,0.237296744,0.110983824,0.041189797,0.103233008,1,6490
2,Buenos Aires,71,LUJAN,6,Buenos Aires,497,LujÍçn,0.725956217,0.052666631,0.964816595,0.024051264,0.070192773,0.438923796,0.243429658,0.113631873,0.032701846,0.107072163,0.9418,6497
2,Buenos Aires,72,MAGDALENA,6,Buenos Aires,505,Magdalena,0.65826801,0.061375508,1.230555877,0.021656909,0.064832471,0.453811716,0.23237138,0.099787576,0.029613836,0.062905753,0.7701,6505
2,Buenos Aires,73,MAIPU,6,Buenos Aires,511,MaipÍ_,0.738903394,0.039704524,0.908222514,0.006968983,0.061230769,0.494575422,0.236847271,0.148900667,0.0234796,0.052290993,0.8637,6511
2,Buenos Aires,130,M. ARGENTINAS,6,Buenos Aires,515,Malvinas Argentinas,0.763717567,0.124146543,0.97570019,0.04161613,0.068371688,0.47089678,0.272781698,0.078107794,0.049443747,0.054760882,1,6515
2,Buenos Aires,74,MAR CHIQUITA,6,Buenos Aires,518,Mar Chiquita,0.681236824,0.025655404,0.993535694,0.030405564,0.056803626,0.459354453,0.238122092,0.13858734,0.036563071,0.069648498,0.7961,6518
2,Buenos Aires,75,MARCOS PAZ,6,Buenos Aires,525,Marcos Paz,0.759757096,0.107682127,1.053944425,0.054613241,0.077470465,0.522386219,0.28980639,0.067975859,0.0391868,0.048744761,0.9618,6525
2,Buenos Aires,76,MERCEDES,6,Buenos Aires,532,Mercedes,0.696448006,0.043753183,0.963512256,0.01453764,0.060995025,0.439369222,0.241530245,0.124707667,0.03545294,0.09883574,0.8782,6532
2,Buenos Aires,77,MERLO,6,Buenos Aires,539,Merlo,0.790049825,0.115255043,0.964099496,0.058927821,0.069799958,0.514217824,0.276264253,0.077274293,0.047263358,0.049469416,0.9996,6539
2,Buenos Aires,78,MONTE,6,Buenos Aires,547,Monte,0.663579778,0.044592697,0.970213563,0.04354854,0.06053913,0.489342945,0.253304174,0.107207379,0.02539518,0.067280634,0.8211,6547
2,Buenos Aires,120,MTE. HERMOSO,6,Buenos Aires,553,Monte Hermoso,0.622908623,0.011875309,1.048219351,0.041390983,0.054589372,0.419064748,0.235728574,0.130789352,0.02536449,0.085886571,0.9721,6553
2,Buenos Aires,79,MORENO,6,Buenos Aires,560,Moreno,0.784777771,0.123675457,0.982809994,0.073090905,0.0754397,0.525271304,0.294184595,0.062277765,0.051952293,0.050542097,1,6560
2,Buenos Aires,80,MORON,6,Buenos Aires,568,MorÍ_n,0.760706067,0.032099965,0.911590666,0.055956077,0.046825616,0.347305036,0.196126549,0.149360498,0.040741083,0.161734865,1,6568
2,Buenos Aires,81,NAVARRO,6,Buenos Aires,574,Navarro,0.67224206,0.043042893,0.98695095,0.010261522,0.072293623,0.548629669,0.265333646,0.116570892,0.020337922,0.051345207,0.7708,6574
2,Buenos Aires,82,NECOCHEA,6,Buenos Aires,581,Necochea,0.711917263,0.025611566,0.915630862,0.021477839,0.056199481,0.420411664,0.231726082,0.146998375,0.040636982,0.073695886,0.9628,6581
2,Buenos Aires,83,NVE. DE JULIO,6,Buenos Aires,588,9 de Julio,0.716887417,0.029994061,0.941339191,0.006747412,0.060498299,0.464337216,0.240601819,0.155358116,0.027246393,0.059216703,0.8176,6588
2,Buenos Aires,84,OLAVARRIA,6,Buenos Aires,595,OlavarrÍ_a,0.716967313,0.028197708,0.979936193,0.014770652,0.056254689,0.434035675,0.236751173,0.129963834,0.03063841,0.077005012,0.9473,6595
2,Buenos Aires,22,PATAGONES,6,Buenos Aires,602,Patagones,0.68604537,0.073522744,0.986387848,0.040619724,0.071824929,0.505476432,0.245009435,0.1186811,0.036173703,0.069350267,0.8018,6602
2,Buenos Aires,85,PEHUAJO,6,Buenos Aires,609,PehuajÍ_,0.709163347,0.035443929,0.93821265,0.008019912,0.06435526,0.478447129,0.246756838,0.144106999,0.027815267,0.055083724,0.847,6609
2,Buenos Aires,86,PELLEGRINI,6,Buenos Aires,616,Pellegrini,0.723809524,0.028290766,0.981487715,0.006624766,0.055032842,0.494407953,0.235773739,0.135383047,0.019934995,0.063848921,0.8699,6616
2,Buenos Aires,87,PERGAMINO,6,Buenos Aires,623,Pergamino,0.750977911,0.038114775,0.890533774,0.010545941,0.054054054,0.438337518,0.224371355,0.141849125,0.03717155,0.079740456,0.8647,6623
2,Buenos Aires,88,PILA,6,Buenos Aires,630,Pila,0.635390947,0.032162001,1.015503876,0.018406593,0.056280824,0.517453799,0.250274725,0.108791209,0.020712209,0.059899675,0.6606,6630
2,Buenos Aires,89,PILAR,6,Buenos Aires,638,Pilar,0.768346821,0.115199589,0.985586626,0.071630383,0.076042862,0.445141719,0.306596629,0.056289852,0.041487603,0.096664555,0.9931,6638
2,Buenos Aires,90,PINAMAR,6,Buenos Aires,644,Pinamar,0.614259598,0.027328683,0.993182522,0.136271766,0.065606117,0.336968096,0.259406095,0.090329602,0.043278724,0.114696095,0.9939,6644
2,Buenos Aires,128,PTE. PERON,6,Buenos Aires,648,Presidente PerÍ_n,0.825039679,0.182133333,0.984324179,0.075880258,0.086411242,0.553893725,0.328588506,0.053869191,0.049780772,0.033303987,0.9954,6648
2,Buenos Aires,91,PUAN,6,Buenos Aires,651,PuÍçn,0.771491783,0.007960081,0.963212371,0.007495395,0.044054019,0.492873871,0.182684368,0.201613415,0.019924988,0.063367652,0.6478,6651
2,Buenos Aires,131,PUNTA INDIO,6,Buenos Aires,655,Punta Indio,0.682390858,0.042029828,0.997172288,0.031553398,0.049102429,0.452618996,0.236144822,0.150889968,0.03153273,0.06855792,0.6603,6655
2,Buenos Aires,92,QUILMES,6,Buenos Aires,658,Quilmes,0.786708825,0.089495893,0.9365912,0.076712474,0.0616147,0.452446304,0.244344644,0.107983113,0.04562792,0.096240975,1,6658
2,Buenos Aires,93,RAMALLO,6,Buenos Aires,665,Ramallo,0.763944711,0.054798089,0.975959813,0.007596392,0.072419303,0.494778445,0.259941892,0.108982507,0.034261156,0.055039548,0.8805,6665
2,Buenos Aires,94,RAUCH,6,Buenos Aires,672,Rauch,0.70028169,0.022695906,0.964276469,0.007050606,0.058746376,0.562129352,0.239588824,0.147074328,0.019538949,0.059744454,0.8329,6672
2,Buenos Aires,95,RIVADAVIA,6,Buenos Aires,679,Rivadavia,0.703994164,0.044461305,1.049617408,0.006066616,0.072182019,0.474128893,0.267106107,0.11124074,0.023727755,0.053357464,0.6547,6679
2,Buenos Aires,96,ROJAS,6,Buenos Aires,686,Rojas,0.762421973,0.029148658,0.944564315,0.00887675,0.057446618,0.481641275,0.228576306,0.15316661,0.032696507,0.064972777,0.84,6686
2,Buenos Aires,97,ROQUE PEREZ,6,Buenos Aires,693,Roque PÍ©rez,0.700349243,0.03993187,0.988399809,0.010389195,0.066431807,0.499156403,0.245984176,0.137217294,0.015999163,0.053385975,0.827,6693
2,Buenos Aires,98,SAAVEDRA,6,Buenos Aires,700,Saavedra,0.721394395,0.009183339,1.027259404,0.01522965,0.053227179,0.412663871,0.207238903,0.150657863,0.026450621,0.068646297,0.8273,6700
2,Buenos Aires,99,SALADILLO,6,Buenos Aires,707,Saladillo,0.72269688,0.026885344,0.955115713,0.016696259,0.063595704,0.483430414,0.234900165,0.154004299,0.020652523,0.068555392,0.8258,6707
2,Buenos Aires,101,SALTO,6,Buenos Aires,714,Salto,0.756197961,0.044603391,0.95714457,0.011913147,0.063616431,0.489132557,0.248430466,0.134658377,0.025977687,0.060128353,0.8294,6714
2,Buenos Aires,100,SALLIQUELO,6,Buenos Aires,721,SalliquelÍ_,0.766919671,0.014511531,0.952563813,0.009139287,0.05541409,0.460382009,0.228829246,0.1453031,0.021566572,0.065327253,0.8895,6721
2,Buenos Aires,102,S. A. DE GILES,6,Buenos Aires,728,San AndrÍ©s de Giles,0.655546403,0.048564091,0.999218614,0.023494159,0.069448257,0.51417341,0.256003822,0.115516568,0.021430222,0.066181275,0.7096,6728
2,Buenos Aires,103,S. A. DE ARECO,6,Buenos Aires,735,San Antonio de Areco,0.726880823,0.034121051,0.963343233,0.020615438,0.058650095,0.411214523,0.240643098,0.122482496,0.023829787,0.0792243,0.8551,6735
2,Buenos Aires,104,SAN CAYETANO,6,Buenos Aires,742,San Cayetano,0.754812563,0.020882897,0.985579196,0.008572449,0.052212829,0.469529086,0.216097154,0.150613168,0.024460214,0.062168309,0.8674,6742
2,Buenos Aires,105,SAN FERNANDO,6,Buenos Aires,749,San Fernando,0.699963551,0.081635404,0.929664874,0.076917422,0.060130888,0.399243406,0.236234991,0.1106469,0.042928952,0.102038536,0.9794,6749
2,Buenos Aires,106,SAN ISIDRO,6,Buenos Aires,756,San Isidro,0.74627879,0.0330332,0.89600637,0.075072214,0.045213757,0.276545857,0.198123451,0.148758186,0.03407265,0.239141109,1,6756
2,Buenos Aires,53,SAN MIGUEL,6,Buenos Aires,760,San Miguel,0.752923958,0.079525165,0.950411706,0.055972338,0.061147261,0.427176188,0.252554401,0.088533256,0.041826399,0.100027754,1,6760
2,Buenos Aires,107,SAN NICOLAS,6,Buenos Aires,763,San NicolÍçs,0.765865353,0.052104829,0.952936293,0.014761033,0.058412762,0.432001397,0.23721179,0.114557409,0.041432084,0.082055986,0.9836,6763
2,Buenos Aires,108,SAN PEDRO,6,Buenos Aires,770,San Pedro,0.726641722,0.068313672,0.969836503,0.008283082,0.072863917,0.530659781,0.274527407,0.102039434,0.045587054,0.046720542,0.8881,6770
2,Buenos Aires,109,SAN VICENTE,6,Buenos Aires,778,San Vicente,0.807840617,0.137190854,0.970122557,0.042889808,0.078605593,0.519546752,0.302985978,0.072312452,0.045892924,0.05209704,0.9752,6778
2,Buenos Aires,110,SUIPACHA,6,Buenos Aires,784,Suipacha,0.691323346,0.03874155,0.974343909,0.009324472,0.069142259,0.458997361,0.258704494,0.123598849,0.026085805,0.056505576,0.8366,6784
2,Buenos Aires,111,TANDIL,6,Buenos Aires,791,Tandil,0.639972193,0.031852689,0.936482874,0.017800777,0.05179844,0.375405447,0.222182755,0.129772102,0.034791088,0.143902585,0.9384,6791
2,Buenos Aires,112,TAPALQUE,6,Buenos Aires,798,TapalquÍ©,0.696490673,0.023121387,0.977165015,0.005556766,0.069748858,0.507855823,0.25975158,0.131074308,0.020107825,0.042374854,0.8059,6798
2,Buenos Aires,113,TIGRE,6,Buenos Aires,805,Tigre,0.743409053,0.101175398,0.964338464,0.064176991,0.068025622,0.41036014,0.274546271,0.080179393,0.04237507,0.098571778,0.9806,6805
2,Buenos Aires,116,TORDILLO,6,Buenos Aires,812,Tordillo,0.711469534,0.056265985,1.110047847,0.011337868,0.063089623,0.529482551,0.25,0.106575964,0.022779043,0.026929982,0,6812
2,Buenos Aires,114,TORNQUIST,6,Buenos Aires,819,Tornquist,0.66460996,0.019428869,0.997644842,0.030653148,0.051814318,0.425438232,0.216851372,0.147999686,0.02684026,0.070285951,0.6775,6819
2,Buenos Aires,115,T. LAUQUEN,6,Buenos Aires,826,Trenque Lauquen,0.717886907,0.029016689,0.958437656,0.007112805,0.062821356,0.433521611,0.253968992,0.11966249,0.024561188,0.079903327,0.8885,6826
2,Buenos Aires,117,T. ARROYOS,6,Buenos Aires,833,Tres Arroyos,0.725365417,0.022999687,0.943177952,0.016179303,0.052664302,0.396238303,0.221975136,0.158746279,0.031105733,0.073794176,0.8831,6833
2,Buenos Aires,118,T. DE FEBRERO,6,Buenos Aires,840,Tres de Febrero,0.729829111,0.040668779,0.907671164,0.079759815,0.047492506,0.374646269,0.204145605,0.141576318,0.037826894,0.118291749,1,6840
2,Buenos Aires,126,TRES LOMAS,6,Buenos Aires,847,Tres Lomas,0.756392536,0.030639043,0.973236562,0.006321839,0.058873513,0.492785522,0.245977011,0.148850575,0.022706767,0.049796623,0.9222,6847
2,Buenos Aires,121,25 DE MAYO,6,Buenos Aires,854,25 de Mayo,0.725434923,0.032886724,0.937195979,0.007421461,0.06115171,0.522578167,0.235282629,0.158640701,0.024167873,0.048036759,0.7697,6854
2,Buenos Aires,122,VTE. LOPEZ,6,Buenos Aires,861,Vicente LÍ_pez,0.722549,0.021037587,0.875818086,0.082521713,0.036110439,0.248074825,0.168298567,0.170280603,0.02958814,0.27284846,1,6861
2,Buenos Aires,123,VILLA GESELL,6,Buenos Aires,868,Villa Gesell,0.63003663,0.027992466,1.006957622,0.079987394,0.065644498,0.379305659,0.260100851,0.09845572,0.03984658,0.08757485,0.9231,6868
2,Buenos Aires,124,VILLARINO,6,Buenos Aires,875,Villarino,0.642366026,0.105377731,1.022168612,0.107016186,0.075022935,0.58777869,0.276004385,0.102598826,0.055470627,0.035977827,0.7339,6875
2,Buenos Aires,125,ZARATE,6,Buenos Aires,882,ZÍçrate,0.745714874,0.08614513,0.994258189,0.020591762,0.065140161,0.433527423,0.263991109,0.097673035,0.037365916,0.075182282,0.9501,6882
3,Catamarca,10,Ambato,10,Catamarca,7,Ambato,0.79057187,0.042353702,1.08356676,0.002912839,0.060747664,0.705770148,0.253641049,0.121218911,0.025939177,0.043990385,0,10007
3,Catamarca,4,Ancasti,10,Catamarca,14,Ancasti,0.857506361,0.185873606,1.154357459,0.007199177,0.080229226,0.764814133,0.308536167,0.102845389,0.030333168,0.017938931,0,10014
3,Catamarca,12,Andalgala,10,Catamarca,21,AndalgalÍç,0.830104322,0.083816892,1.010422442,0.003695125,0.073817292,0.641074175,0.30890139,0.089675711,0.052034952,0.032423931,0.7076,10021
3,Catamarca,14,Antofagasta de la Sierra,10,Catamarca,28,Antofagasta de la Sierra,0.832876712,0.086956522,1.342577488,0.006963788,0.103244838,0.777875329,0.322423398,0.076601671,0.020330368,0.044776119,0,10028
3,Catamarca,13,Belen,10,Catamarca,35,BelÍ©n,0.816048115,0.143383256,1.047128888,0.002945085,0.097087009,0.674651991,0.302517688,0.078403908,0.037073224,0.033716444,0.587,10035
3,Catamarca,2,Capayan,10,Catamarca,42,CapayÍçn,0.852559206,0.111987382,1.096858297,0.008455082,0.086354085,0.716233722,0.303699099,0.071308673,0.03159615,0.033461856,0.43,10042
3,Catamarca,1,Capital,10,Catamarca,49,Capital,0.810643005,0.081234313,0.926407083,0.00478388,0.064048686,0.441675214,0.275486372,0.073455101,0.054090091,0.141092972,0.9976,10049
3,Catamarca,5,El Alto,10,Catamarca,56,El Alto,0.817658349,0.117046819,1.137724551,0.002240896,0.094674556,0.754778973,0.30952381,0.105322129,0.029916235,0.020807062,0,10056
3,Catamarca,9,Fray Mamerto Esquiu,10,Catamarca,63,Fray Mamerto EsquiÍ_,0.842994369,0.077541643,0.994968975,0.004455279,0.062361197,0.539918208,0.289340955,0.073974445,0.043942175,0.076121722,0.8563,10063
3,Catamarca,3,La Paz,10,Catamarca,70,La Paz,0.829640571,0.145960625,1.03231888,0.002164502,0.089454477,0.667906407,0.322334128,0.070677622,0.024900209,0.023034626,0.6124,10070
3,Catamarca,7,Paclin,10,Catamarca,77,PaclÍ_n,0.833333333,0.055471508,1.134115247,0.003345281,0.05674115,0.706703911,0.280764636,0.102270012,0.031423895,0.027432712,0,10077
3,Catamarca,11,Poman,10,Catamarca,84,PomÍçn,0.841587764,0.093090489,1.071909248,0.003711952,0.08395135,0.658118812,0.329250186,0.085746102,0.023346304,0.028235294,0.485,10084
3,Catamarca,16,Santa Maria,10,Catamarca,91,Santa MarÍ_a,0.750250752,0.108147366,0.953560908,0.003148838,0.077900836,0.633812103,0.30525989,0.096327834,0.040741432,0.034571001,0.6391,10091
3,Catamarca,6,Santa Rosa,10,Catamarca,98,Santa Rosa,0.841731266,0.13370319,1.107161618,0.005401363,0.094537815,0.720921826,0.308376267,0.078693701,0.02856797,0.028255867,0.3475,10098
3,Catamarca,15,Tinogasta,10,Catamarca,105,Tinogasta,0.819155951,0.081602189,1.004841747,0.003667263,0.087448705,0.670075504,0.306395349,0.097003578,0.039706626,0.026584158,0.7361,10105
3,Catamarca,8,Valle Viejo,10,Catamarca,112,Valle Viejo,0.842051729,0.088352348,0.963104417,0.003230306,0.067357312,0.501579132,0.295132516,0.067469349,0.040251764,0.089688059,0.9334,10112
4,Cê_rdoba,2,Calamuchita,14,CÍ_rdoba,7,Calamuchita,0.667218445,0.048035734,0.997445255,0.022364334,0.065366621,0.485048056,0.256276265,0.11929472,0.029000852,0.092056407,0.7432,14007
4,Cê_rdoba,1,Capital,14,CÍ_rdoba,14,Capital,0.627780715,0.050403008,0.912375605,0.023969543,0.054664781,0.387279942,0.235546072,0.102475624,0.048743717,0.20502116,0.9933,14014
4,Cê_rdoba,3,Colon,14,CÍ_rdoba,21,ColÍ_n,0.709862026,0.067234606,0.958260491,0.012058574,0.068518606,0.449214925,0.27919041,0.084441108,0.040026868,0.120821029,0.8976,14021
4,Cê_rdoba,4,Cruz del Eje,14,CÍ_rdoba,28,Cruz del Eje,0.713004765,0.125657259,0.983158392,0.004254667,0.079939074,0.638961135,0.275089773,0.104817985,0.035833314,0.037139159,0.7265,14028
4,Cê_rdoba,5,Gral. Roca,14,CÍ_rdoba,35,General Roca,0.702791178,0.05766434,1.024823904,0.005498667,0.071681103,0.514290818,0.250834619,0.116313648,0.01933671,0.069243697,0.7195,14035
4,Cê_rdoba,6,Gral. San Martin,14,CÍ_rdoba,42,General San MartÍ_n,0.64777531,0.038679639,0.959715239,0.010019301,0.060400082,0.42422547,0.23952171,0.116944152,0.026200158,0.104574887,0.891,14042
4,Cê_rdoba,7,Ischilin,14,CÍ_rdoba,49,IschilÍ_n,0.726242272,0.080556333,0.938463443,0.002778487,0.080083659,0.589180939,0.28334185,0.114333163,0.033106517,0.051906261,0.7991,14049
4,Cê_rdoba,8,Juarez Celman,14,CÍ_rdoba,56,JuÍçrez Celman,0.695872373,0.044274141,0.996796129,0.006843708,0.061451937,0.447397142,0.248125348,0.117194407,0.022529101,0.080639141,0.7849,14056
4,Cê_rdoba,9,Marcos Juarez,14,CÍ_rdoba,63,Marcos JuÍçrez,0.75569399,0.028844037,0.957526346,0.007955472,0.052243664,0.43698687,0.217465573,0.149580155,0.019583055,0.079841055,0.9161,14063
4,Cê_rdoba,10,Minas,14,CÍ_rdoba,70,Minas,0.753177258,0.159144893,1.060592851,0.001057753,0.073597872,0.755070203,0.271842606,0.131796065,0.026643991,0.019430951,0,14070
4,Cê_rdoba,11,Pocho,14,CÍ_rdoba,77,Pocho,0.739292365,0.171895144,1.060513213,0.00204461,0.07907614,0.778062229,0.264126394,0.138104089,0.04265873,0.022624434,0,14077
4,Cê_rdoba,17,Roque Saenz Peê±a,14,CÍ_rdoba,84,Presidente Roque SÍçenz PeÍ±a,0.712492775,0.038118467,0.974315721,0.005843118,0.063791061,0.461971256,0.250013781,0.133454606,0.02537924,0.060896574,0.8105,14084
4,Cê_rdoba,12,Punilla,14,CÍ_rdoba,91,Punilla,0.652181782,0.038688306,0.915592016,0.018049226,0.054499441,0.435160119,0.235161238,0.131333345,0.038269716,0.122307466,0.9154,14091
4,Cê_rdoba,13,Rio Cuarto,14,CÍ_rdoba,98,RÍ_o Cuarto,0.688258859,0.036548993,0.945003158,0.008019708,0.061769474,0.434444966,0.2299903,0.125137484,0.033687878,0.150287951,0.9131,14098
4,Cê_rdoba,14,Rio Primero,14,CÍ_rdoba,105,RÍ_o Primero,0.682024612,0.07303812,0.990829601,0.015854312,0.071415653,0.561679969,0.278136047,0.098532405,0.028930306,0.059570957,0.6817,14105
4,Cê_rdoba,15,Rio Seco,14,CÍ_rdoba,112,RÍ_o Seco,0.75949038,0.111265096,1.027250459,0.001208277,0.089559387,0.696301051,0.306449177,0.090847304,0.02589852,0.025989269,0.5173,14112
4,Cê_rdoba,16,Rio Segundo,14,CÍ_rdoba,119,RÍ_o Segundo,0.731785603,0.040877068,0.953074098,0.004936462,0.058387227,0.470804775,0.24475983,0.115601921,0.027653701,0.08093791,0.8429,14119
4,Cê_rdoba,18,San Alberto,14,CÍ_rdoba,126,San Alberto,0.749031008,0.095774456,0.982534155,0.008269376,0.073775151,0.609796449,0.277591612,0.099205491,0.03801291,0.049218058,0.6361,14126
4,Cê_rdoba,19,San Javier,14,CÍ_rdoba,133,San Javier,0.719836014,0.082577838,0.945191539,0.01367713,0.071248214,0.602494123,0.263097907,0.108557549,0.037347638,0.06221086,0.6587,14133
4,Cê_rdoba,20,San Justo,14,CÍ_rdoba,140,San Justo,0.68004848,0.037170201,0.963276648,0.003848633,0.061554674,0.462204749,0.242934074,0.125938529,0.022016311,0.079842204,0.8388,14140
4,Cê_rdoba,21,Santa Maria,14,CÍ_rdoba,147,Santa MarÍ_a,0.690058272,0.064386318,1.005555783,0.012669573,0.063366485,0.489967731,0.257363425,0.09859657,0.044409054,0.106804469,0.7428,14147
4,Cê_rdoba,22,Sobremonte,14,CÍ_rdoba,154,Sobremonte,0.73150267,0.112942613,1.074559422,0.001306905,0.093757146,0.75561333,0.282509257,0.106948377,0.039619165,0.024811481,0.4704,14154
4,Cê_rdoba,23,Tercero Arriba,14,CÍ_rdoba,161,Tercero Arriba,0.721199179,0.028281209,0.942240187,0.007703963,0.059472628,0.432709499,0.234395823,0.135184475,0.029184754,0.086404691,0.9,14161
4,Cê_rdoba,24,Totoral,14,CÍ_rdoba,168,Totoral,0.690844676,0.078171531,1.008877341,0.006143565,0.076322389,0.553445689,0.27796939,0.093446864,0.033032372,0.05862845,0.4516,14168
4,Cê_rdoba,25,Tulumba,14,CÍ_rdoba,175,Tulumba,0.751546647,0.102803738,1.051643192,0.004182119,0.088698971,0.704132645,0.265761856,0.123885426,0.027844909,0.028800838,0.3402,14175
4,Cê_rdoba,26,Union,14,CÍ_rdoba,182,UniÍ_n,0.731979578,0.040121939,0.977018587,0.007916615,0.062561288,0.468168138,0.236968797,0.134100088,0.022221128,0.071669072,0.8077,14182
5,Corrientes,11,Bella Vista,18,Corrientes,7,Bella Vista,0.768706098,0.150954198,0.988395101,0.006670073,0.093108755,0.610593414,0.301767032,0.075737608,0.024937376,0.031400675,0.7828,18007
5,Corrientes,25,Beron de Astrada,18,Corrientes,14,BerÍ_n de Astrada,0.776627219,0.148190045,1.049125729,0.019504267,0.118550107,0.775421895,0.308004876,0.101991061,0.008690614,0.018911439,0,18014
5,Corrientes,1,Capital,18,Corrientes,21,Capital,0.730032064,0.113405334,0.918072199,0.007537204,0.067713107,0.432768034,0.261169718,0.073658029,0.045538619,0.138915428,0.9766,18021
5,Corrientes,17,Concepcion,18,Corrientes,28,ConcepciÍ_n,0.773102786,0.353021509,1.06342846,0.00838346,0.156049985,0.771064047,0.369914271,0.064510018,0.017840376,0.011435688,0.5247,18028
5,Corrientes,3,Curuzu Cuatia,18,Corrientes,35,CuruzÍ_ CuatiÍç,0.770850072,0.11639368,0.949659565,0.004055516,0.111530649,0.658443338,0.296390591,0.093254326,0.025345406,0.04121703,0.8393,18035
5,Corrientes,12,Empedrado,18,Corrientes,42,Empedrado,0.801233046,0.157662392,0.977100236,0.004566814,0.113056214,0.671312918,0.302005427,0.090277318,0.025220213,0.024009515,0.6052,18042
5,Corrientes,5,Esquina,18,Corrientes,49,Esquina,0.725703009,0.159722222,0.963036135,0.00383092,0.129540451,0.690490193,0.32176482,0.089474709,0.019420641,0.026978818,0.6428,18049
5,Corrientes,22,General Alvear,18,Corrientes,56,General Alvear,0.708839548,0.104332756,0.978038433,0.010850366,0.108777094,0.654038696,0.301917739,0.095760787,0.017612524,0.021151922,0.8537,18056
5,Corrientes,14,General Paz,18,Corrientes,63,General Paz,0.775916485,0.14598385,0.996501144,0.007751415,0.108295583,0.735008567,0.299474252,0.101577245,0.020546017,0.016171493,0.5705,18063
5,Corrientes,2,Goya,18,Corrientes,70,Goya,0.782287217,0.144556834,0.928588273,0.001989795,0.109539597,0.611147269,0.294278505,0.091941885,0.028303338,0.035268121,0.8043,18070
5,Corrientes,24,Itati,18,Corrientes,77,ItatÍ_,0.776465798,0.121730031,0.97906776,0.028023116,0.102300312,0.682903981,0.29615091,0.089521317,0.017759563,0.021206178,0.7041,18077
5,Corrientes,19,Ituzaingo,18,Corrientes,84,ItuzaingÍ_,0.645751165,0.136918605,1.015398551,0.01858748,0.101520938,0.571693831,0.323691814,0.065425361,0.031262969,0.037357265,0.7823,18084
5,Corrientes,6,Lavalle,18,Corrientes,91,Lavalle,0.724835886,0.252804142,1.037766598,0.011648527,0.127226085,0.7854502,0.343648945,0.065649014,0.011222712,0.01549193,0.5211,18091
5,Corrientes,18,Mburucuya,18,Corrientes,98,MburucuyÍç,0.821711569,0.169561099,0.972287359,0.003891051,0.123196703,0.732249885,0.320146995,0.097384349,0.022794232,0.019242706,0.7479,18098
5,Corrientes,4,Mercedes,18,Corrientes,105,Mercedes,0.809881847,0.113914072,0.974989073,0.003393415,0.105570251,0.602067993,0.304497504,0.082523914,0.025140145,0.033806756,0.8108,18105
5,Corrientes,9,Monte Caseros,18,Corrientes,112,Monte Caseros,0.765816181,0.117519137,1.000991189,0.007898068,0.085478289,0.554871434,0.282514172,0.092410149,0.024592938,0.026010502,0.8156,18112
5,Corrientes,8,Paso de los Libres,18,Corrientes,119,Paso de los Libres,0.726044968,0.133113311,0.961054669,0.013219029,0.095990173,0.518081344,0.311150857,0.069178899,0.027034909,0.046497556,0.8901,18119
5,Corrientes,15,Saladas,18,Corrientes,126,Saladas,0.772969138,0.217671061,0.967450911,0.002652401,0.11174333,0.671442308,0.333438231,0.07934724,0.022969701,0.02014775,0.7001,18126
5,Corrientes,21,San Cosme,18,Corrientes,133,San Cosme,0.767387944,0.088757396,1.014992294,0.021417148,0.090177723,0.594980752,0.282386482,0.080453376,0.027619048,0.053661177,0.5706,18133
5,Corrientes,10,San Luis del Palmar,18,Corrientes,140,San Luis del Palmar,0.795109803,0.14644521,0.957489428,0.002842524,0.127751454,0.713561776,0.292552587,0.093689596,0.021684672,0.024491136,0.6873,18140
5,Corrientes,16,San Martin,18,Corrientes,147,San MartÍ_n,0.695438405,0.121086556,0.99121079,0.006544901,0.12316596,0.695356551,0.331278539,0.085920852,0.02026195,0.021051704,0.5454,18147
5,Corrientes,23,San Miguel,18,Corrientes,154,San Miguel,0.757540149,0.239198064,1,0.004540295,0.137203696,0.776823156,0.368236852,0.07671207,0.01570066,0.010728218,0.4389,18154
5,Corrientes,13,San Roque,18,Corrientes,161,San Roque,0.800384287,0.197727273,0.976326267,0.003321355,0.129973475,0.713112384,0.334204508,0.087389742,0.020604721,0.015351705,0.6639,18161
5,Corrientes,7,Santo Tome,18,Corrientes,168,Santo TomÍ©,0.716034566,0.132023883,0.991779041,0.013230664,0.106463812,0.587520387,0.324844609,0.059056724,0.02206332,0.0586691,0.8691,18168
5,Corrientes,20,Sauce,18,Corrientes,175,Sauce,0.801113763,0.121445299,0.95752059,0.003100089,0.136827295,0.64817449,0.315655447,0.102967228,0.020807062,0.018523283,0.7836,18175
6,Chaco,24,Alte. Brown,22,Chaco,7,Almirante Brown,0.805498282,0.266126642,1.039076058,0.002494497,0.142083045,0.783284865,0.36672047,0.049801908,0.012775842,0.020519979,0.7998,22007
6,Chaco,7,Bermejo,22,Chaco,14,Bermejo,0.834315376,0.125471936,1.003358657,0.023151844,0.102934366,0.67308263,0.303847996,0.086539997,0.019892713,0.021679853,0.5503,22014
6,Chaco,13,Cte. Fernandez,22,Chaco,21,Comandante FernÍçndez,0.758666667,0.151464292,0.944441102,0.005322661,0.108867572,0.624945984,0.296026572,0.07619863,0.028739537,0.070118903,0.8581,22021
6,Chaco,20,Chacabuco,22,Chaco,28,Chacabuco,0.762773723,0.141678583,0.958010625,0.002615234,0.100017268,0.614526886,0.29686172,0.071559333,0.021992941,0.043543986,0.8742,22028
6,Chaco,21,12 de Octubre,22,Chaco,36,12 de Octubre,0.741903338,0.198590929,1.020952381,0.001256676,0.126272719,0.716117304,0.31928549,0.06579597,0.022368505,0.026411374,0.7794,22036
6,Chaco,22,2 de Abril,22,Chaco,39,2 de Abril,0.773220179,0.162396694,1.011911207,0.002421959,0.119887165,0.696597487,0.292384284,0.073869752,0.034724788,0.025049946,0.6586,22039
6,Chaco,23,Fray Santa Marê_a de Oro,22,Chaco,43,Fray Justo Santa MarÍ_a de Oro,0.624032208,0.221598878,1.066398742,0.001183832,0.141208054,0.73472871,0.312700829,0.06705564,0.056413302,0.014296983,0.6322,22043
6,Chaco,18,Gral. Belgrano,22,Chaco,49,General Belgrano,0.807992203,0.216375914,1.007367716,0.002419086,0.168706759,0.816589616,0.357691024,0.063063063,0.021289919,0.020777413,0.844,22049
6,Chaco,4,Gral. Donovan,22,Chaco,56,General Donovan,0.745808545,0.136397516,1.021276596,0.003780578,0.099554931,0.649102172,0.293328391,0.073684211,0.020578647,0.024734108,0.7633,22056
6,Chaco,25,Gral. Guemes,22,Chaco,63,General GÍ_emes,0.809081946,0.320606695,1.031840194,0.002159924,0.17163197,0.787805151,0.358145147,0.048993029,0.024499438,0.022652102,0.6511,22063
6,Chaco,17,Independencia,22,Chaco,70,Independencia,0.803765922,0.246242405,0.99741533,0.002275668,0.173340988,0.83538838,0.381732185,0.054169827,0.019529086,0.011713832,0.789,22070
6,Chaco,3,Libertad,22,Chaco,77,Libertad,0.779734322,0.125278396,1.001975959,0.005346274,0.090361971,0.60181707,0.301200855,0.066869551,0.037226776,0.044855853,0.6985,22077
6,Chaco,8,Lib. Gral. San Martin,22,Chaco,84,Libertador General San MartÍ_n,0.767044376,0.215573723,1.011529044,0.006965696,0.149684836,0.739781771,0.332256919,0.067154716,0.024262665,0.021633187,0.7102,22084
6,Chaco,16,Maipu,22,Chaco,91,MaipÍ_,0.776552159,0.259598604,1.029045976,0.003005378,0.136481839,0.745102984,0.341070864,0.064694717,0.019629289,0.016531979,0.6699,22091
6,Chaco,11,Mayor l.j. Fontana,22,Chaco,98,Mayor Luis J. Fontana,0.745788964,0.179770531,0.94897562,0.004357298,0.121367981,0.670575508,0.307625272,0.069317357,0.025381358,0.032366071,0.9019,22098
6,Chaco,19,9 de Julio,22,Chaco,105,9 de Julio,0.777891767,0.185012256,0.982297813,0.003642094,0.1164086,0.694210566,0.29732096,0.072561723,0.029061896,0.031027692,0.8236,22105
6,Chaco,12,O Higgins,22,Chaco,112,O' Higgins,0.755015432,0.218930041,0.985893262,0.005712583,0.158520335,0.776681949,0.362525458,0.064328647,0.019599042,0.017169923,0.7625,22112
6,Chaco,6,Pcia. de la Plaza,22,Chaco,119,Presidencia de la Plaza,0.741803279,0.196418579,0.965560623,0.002400192,0.121824824,0.74824936,0.325866069,0.07200576,0.01862283,0.023890471,0.7624,22119
6,Chaco,2,1•ç de Mayo,22,Chaco,126,1‘_ de Mayo,0.80873392,0.115777526,0.996132276,0.007556675,0.091578087,0.654346268,0.294807208,0.07120713,0.020351157,0.041689051,0.7561,22126
6,Chaco,14,Quitilipi,22,Chaco,133,Quitilipi,0.770007946,0.220786273,0.996426689,0.003168921,0.129908143,0.745637856,0.33044805,0.069892315,0.022276913,0.02606627,0.747,22133
6,Chaco,1,San Fernando,22,Chaco,140,San Fernando,0.78425304,0.107101271,0.932045218,0.008959409,0.073381353,0.479932824,0.266310883,0.074141539,0.041342784,0.123402624,0.9853,22140
6,Chaco,10,San Lorenzo,22,Chaco,147,San Lorenzo,0.751753507,0.193301866,1.002724424,0.003196844,0.147792151,0.769923066,0.333696096,0.065433274,0.016399921,0.013959085,0.6905,22147
6,Chaco,5,Sgto. Cabral,22,Chaco,154,Sargento Cabral,0.810854133,0.181119871,1.043864163,0.003209768,0.131999205,0.728969471,0.322990748,0.075523947,0.014981609,0.014258078,0.6681,22154
6,Chaco,9,Tapenaga,22,Chaco,161,TapenagÍç,0.640138408,0.170284939,1.078640284,0.001708567,0.137173857,0.797101449,0.340248963,0.062728826,0.009588068,0.013617021,0,22161
6,Chaco,15,25 de Mayo,22,Chaco,168,25 de Mayo,0.789166224,0.256393528,1.01149821,0.002190655,0.135400271,0.780321374,0.346294712,0.065788123,0.01442623,0.023261429,0.764,22168
7,Chubut,2,Biedma,26,Chubut,7,Biedma,0.629071145,0.077811659,0.987744922,0.0737787,0.072643166,0.348267813,0.28878057,0.058793721,0.05279896,0.098466014,0.9813,26007
7,Chubut,5,Cushamen,26,Chubut,14,Cushamen,0.711051534,0.093502576,1.019793376,0.03078541,0.088952582,0.495235103,0.282757302,0.080118553,0.033124621,0.066606851,0.3503,26014
7,Chubut,15,Escalante,26,Chubut,21,Escalante,0.676940659,0.084767337,1.010852696,0.089252504,0.062436168,0.327525612,0.254985717,0.073189948,0.032281062,0.111573002,0.9869,26021
7,Chubut,11,Florentino Ameghino,26,Chubut,28,Florentino Ameghino,0.622129436,0.061728395,1.311079545,0.03318992,0.103737113,0.456505576,0.28580209,0.061462815,0.030185005,0.040249827,0,26028
7,Chubut,6,Futaleufu,26,Chubut,35,FutaleufÍ_,0.691339156,0.080086156,0.955067399,0.027486303,0.077565311,0.408427389,0.267295013,0.078442752,0.038498159,0.090435486,0.9116,26035
7,Chubut,12,Gaiman,26,Chubut,42,Gaiman,0.679874572,0.071156592,1.076220649,0.048649134,0.076259947,0.501025491,0.273045508,0.099811507,0.026522226,0.062068966,0.6914,26042
7,Chubut,4,Gastre,26,Chubut,49,Gastre,0.67578125,0.093514329,1.354785479,0.004204625,0.203798393,0.652208202,0.248773651,0.112123336,0.022704837,0.042402827,0,26049
7,Chubut,7,Languineo,26,Chubut,56,LanguiÍ±eo,0.674743709,0.110695587,1.240377633,0.019773096,0.150956284,0.662522852,0.278119935,0.094327391,0.021335807,0.020329881,0,26056
7,Chubut,10,Martires,26,Chubut,63,MÍçrtires,0.571428571,0.080103359,1.446540881,0.010282776,0.160904255,0.628205128,0.21722365,0.096401028,0.01754386,0.037267081,0,26063
7,Chubut,9,Paso de los Indios,26,Chubut,70,Paso de Indios,0.630200308,0.054626533,1.319254658,0.017675415,0.156774916,0.610951009,0.281199786,0.089448313,0.019259259,0.033205619,0,26070
7,Chubut,1,Rawson,26,Chubut,77,Rawson,0.701143565,0.054604537,0.962326464,0.039440116,0.069454129,0.354699706,0.260918569,0.079497079,0.043701852,0.097771673,0.9816,26077
7,Chubut,13,Rio Senguer,26,Chubut,84,RÍ_o Senguer,0.554939516,0.06487524,1.230970149,0.0408095,0.094725701,0.46426551,0.269777555,0.079779227,0.024372587,0.031220789,0.4353,26084
7,Chubut,14,Samiento,26,Chubut,91,Sarmiento,0.630288167,0.072675912,1.072753729,0.033169533,0.08295838,0.397088556,0.304668305,0.060810811,0.030532324,0.048891079,0.9552,26091
7,Chubut,8,Tehuelches,26,Chubut,98,Tehuelches,0.648075851,0.07889991,1.117878193,0.018181818,0.116137877,0.541768045,0.267903525,0.087940631,0.031161473,0.034923339,0.4192,26098
7,Chubut,3,Telsen,26,Chubut,105,Telsen,0.651898734,0.046485261,1.140625,0.006690998,0.145315488,0.609150327,0.261557178,0.108880779,0.02047502,0.022792023,0,26105
8,Entre Rê_os,15,Colon,30,Entre RÍ_os,8,ColÍ_n,0.713520012,0.062505178,0.985942492,0.017857143,0.061354461,0.476839284,0.251093951,0.114559202,0.023165777,0.059956358,0.8498,30008
8,Entre Rê_os,13,Concordia,30,Entre RÍ_os,15,Concordia,0.738797883,0.138142404,0.972449074,0.011303688,0.079331447,0.506273021,0.29190216,0.080084454,0.029873489,0.057341189,0.91,30015
8,Entre Rê_os,4,Diamante,30,Entre RÍ_os,21,Diamante,0.720576299,0.042388988,0.940359101,0.028709476,0.064043401,0.509467154,0.225404974,0.124738466,0.023084521,0.116606868,0.7912,30021
8,Entre Rê_os,17,Federacion,30,Entre RÍ_os,28,FederaciÍ_n,0.730106306,0.098051129,1.007359383,0.009660149,0.076732825,0.586309011,0.279300512,0.084962756,0.017539978,0.04040404,0.8165,30028
8,Entre Rê_os,14,Federal,30,Entre RÍ_os,35,Federal,0.744195464,0.106121977,0.989767657,0.001507946,0.094283623,0.616452991,0.29482272,0.088736805,0.028061499,0.030770564,0.7306,30035
8,Entre Rê_os,16,Feliciano,30,Entre RÍ_os,42,Feliciano,0.785008863,0.138062206,0.996425261,0.001724252,0.100672551,0.67761446,0.327408979,0.073413356,0.021662372,0.017820172,0.6862,30042
8,Entre Rê_os,7,Gualeguay,30,Entre RÍ_os,49,Gualeguay,0.739119668,0.067595292,0.95239708,0.003797005,0.07596786,0.569852866,0.261164543,0.11365958,0.029842313,0.044394883,0.8723,30049
8,Entre Rê_os,10,Gualeguaychu,30,Entre RÍ_os,56,GualeguaychÍ_,0.730981097,0.042371412,0.95462581,0.010633924,0.068084821,0.451879772,0.252720147,0.110176227,0.03217953,0.066739866,0.8817,30056
8,Entre Rê_os,11,Islas del Ibicuy,30,Entre RÍ_os,63,Islas del Ibicuy,0.679245283,0.142066028,1.070461169,0.012999917,0.101519276,0.604187082,0.310590378,0.073445392,0.031379515,0.017402573,0.3509,30063
8,Entre Rê_os,3,La Paz,30,Entre RÍ_os,70,La Paz,0.757279432,0.112091922,0.959551286,0.002630674,0.092980412,0.638770011,0.303887718,0.089652183,0.025538674,0.034686957,0.7887,30070
8,Entre Rê_os,6,Nogoya,30,Entre RÍ_os,77,NogoyÍç,0.761448349,0.052236186,0.96713544,0.00266489,0.068198307,0.596675676,0.253856403,0.125864808,0.021778707,0.040779751,0.6891,30077
8,Entre Rê_os,1,Parana,30,Entre RÍ_os,84,ParanÍç,0.739998096,0.045805946,0.926156357,0.005439355,0.059732774,0.419231869,0.240926073,0.103032977,0.035696928,0.143358682,0.9395,30084
8,Entre Rê_os,18,San Salvador,30,Entre RÍ_os,88,San Salvador,0.780292943,0.074187511,0.994369758,0.002304546,0.082987805,0.573349633,0.285994123,0.105663421,0.022225713,0.03791831,0.8985,30088
8,Entre Rê_os,8,Tala,30,Entre RÍ_os,91,Tala,0.735189151,0.051284615,0.962305987,0.003662575,0.07662694,0.586502255,0.260861095,0.131229301,0.014596644,0.038165029,0.801,30091
8,Entre Rê_os,9,Uruguay,30,Entre RÍ_os,98,Uruguay,0.727964879,0.052442174,0.959421869,0.012637995,0.064759146,0.437405255,0.251429593,0.117643555,0.026136155,0.100143429,0.8114,30098
8,Entre Rê_os,5,Victoria,30,Entre RÍ_os,105,Victoria,0.759739673,0.070489408,0.964895896,0.003271172,0.073607563,0.552796693,0.249587609,0.115665278,0.031199232,0.051637471,0.8478,30105
8,Entre Rê_os,12,Villaguay,30,Entre RÍ_os,113,Villaguay,0.703992938,0.07816147,0.960482063,0.002654958,0.084469485,0.607431481,0.282569182,0.106668028,0.02010974,0.051702793,0.7229,30113
9,Formosa,7,Bermejo,34,Formosa,7,Bermejo,0.826099211,0.344262295,1.158598432,0.014808486,0.174612908,0.902205997,0.392496084,0.05225687,0.019614474,0.008829272,0.2769,34007
9,Formosa,1,Formosa,34,Formosa,14,Formosa,0.728765111,0.14598235,0.932465862,0.037311076,0.074072573,0.539950674,0.288290364,0.067308431,0.031070424,0.1039855,0.9871,34014
9,Formosa,2,Laishi,34,Formosa,21,Laishi,0.759144998,0.166817934,1.058014715,0.040496982,0.107220598,0.796533017,0.337924163,0.077594796,0.018200374,0.02270004,0.564,34021
9,Formosa,8,Matacos,34,Formosa,28,Matacos,0.793636634,0.260633037,0.986320298,0.004382609,0.145899172,0.815669947,0.375721739,0.042713043,0.048701995,0.01939404,0.8857,34028
9,Formosa,6,Patiê±o,34,Formosa,35,PatiÍ±o,0.777206194,0.229630975,1.050008968,0.018343273,0.12636423,0.786546229,0.339219317,0.071944124,0.016711959,0.020861724,0.7189,34035
9,Formosa,5,Pilagas,34,Formosa,42,PilagÍçs,0.792448894,0.152173913,1.073360379,0.058372738,0.112203018,0.830695556,0.339474971,0.074949726,0.015454837,0.014432348,0.3548,34042
9,Formosa,3,Pilcomayo,34,Formosa,49,Pilcomayo,0.797692869,0.144752162,0.968740593,0.090409767,0.082505948,0.690020621,0.305254987,0.082753105,0.023910977,0.040569358,0.7927,34049
9,Formosa,4,Pirane,34,Formosa,56,PiranÍ©,0.787678521,0.164561139,1.004657228,0.02010346,0.108443042,0.740099867,0.325155655,0.076263049,0.014897579,0.022924258,0.772,34056
9,Formosa,9,Ramon Lista,34,Formosa,63,RamÍ_n Lista,0.842274678,0.649642492,1.041561526,0.007052494,0.23029864,0.926367917,0.456594445,0.0249382,0.01465484,0.009836987,0.2557,34063
10,Jujuy,12,Cochinoca,38,Jujuy,7,Cochinoca,0.746219982,0.127105366,0.899729811,0.006795196,0.102418809,0.744006999,0.370101138,0.066213654,0.040304743,0.010007148,0.6354,38007
10,Jujuy,4,El Carmen,38,Jujuy,14,El Carmen,0.607785972,0.219871319,1.013340803,0.081018972,0.103599206,0.686708061,0.317563042,0.056286648,0.028392967,0.034402593,0.7475,38014
10,Jujuy,1,Dr. Manuel Belgrano,38,Jujuy,21,Dr. Manuel Belgrano,0.739815088,0.105402656,0.925135359,0.036524172,0.066816853,0.482524868,0.267326173,0.077519614,0.037392838,0.110918275,0.9694,38021
10,Jujuy,11,Humahuaca,38,Jujuy,28,Humahuaca,0.634753269,0.125884594,0.945988346,0.013762524,0.101172116,0.644412283,0.319647587,0.069503628,0.023594378,0.027861151,0.6845,38028
10,Jujuy,7,Ledesma,38,Jujuy,35,Ledesma,0.754976653,0.156127285,0.996631188,0.049382565,0.086573582,0.663101326,0.298166035,0.067453234,0.036957259,0.036858121,0.9427,38035
10,Jujuy,2,Palpala,38,Jujuy,42,PalpalÍç,0.716068053,0.109738477,0.96994423,0.032395356,0.080909986,0.575534934,0.282419107,0.074841823,0.038285391,0.06097305,0.9478,38042
10,Jujuy,13,Rinconada,38,Jujuy,49,Rinconada,0.835443038,0.143877551,1.265938069,0.0164791,0.107476636,0.825547014,0.321141479,0.055064309,0.021487603,0.0522758,0,38049
10,Jujuy,3,San Antonio,38,Jujuy,56,San Antonio,0.624697337,0.154874652,1.038338658,0.046350202,0.082243879,0.717613501,0.29265562,0.077250336,0.025735294,0.046034526,0,38056
10,Jujuy,5,San Pedro,38,Jujuy,63,San Pedro,0.767587684,0.150720117,0.970354226,0.03079814,0.078898463,0.620890377,0.28497941,0.079041006,0.031757259,0.042104183,0.8883,38063
10,Jujuy,6,Santa Barbara,38,Jujuy,70,Santa BÍçrbara,0.728999771,0.222244329,1.073199252,0.039537507,0.101147216,0.805761913,0.334574168,0.062380147,0.023187459,0.010318586,0.7252,38070
10,Jujuy,14,Santa Catalina,38,Jujuy,77,Santa Catalina,0.76713948,0.132646491,0.97044335,0.105714286,0.148960302,0.867382139,0.380357143,0.075714286,0.009014085,0.007077435,0,38077
10,Jujuy,16,Susques,38,Jujuy,84,Susques,0.87704918,0.16367552,1.005820106,0.006858349,0.087400681,0.778276194,0.39224479,0.048536006,0.0217714,0.022713864,0,38084
10,Jujuy,10,Tilcara,38,Jujuy,94,Tilcara,0.728584045,0.128737035,0.974576271,0.032553243,0.103997261,0.673553719,0.304235161,0.086241801,0.030954631,0.047752809,0.6435,38094
10,Jujuy,9,Tumbaya,38,Jujuy,98,Tumbaya,0.665109034,0.125398512,0.980442177,0.015886647,0.093333333,0.734022556,0.288321168,0.103048519,0.022038567,0.033619456,0,38098
10,Jujuy,8,Valle Grande,38,Jujuy,105,Valle Grande,0.862290862,0.123672705,1.047619048,0.002855977,0.142607937,0.852,0.358221134,0.087311302,0.029338327,0.006698565,0,38105
10,Jujuy,15,Yavi,38,Jujuy,112,YavÍ_,0.712533333,0.124250899,0.885968093,0.090694992,0.118796685,0.690515807,0.32605979,0.070172066,0.035251498,0.029201925,0.7614,38112
11,La Pampa,1,Atreuco,42,La Pampa,7,AtreucÍ_,0.75989961,0.015509103,1.015683939,0.010341771,0.056617345,0.465053484,0.230966217,0.129124397,0.019694483,0.054292393,0.6731,42007
11,La Pampa,3,Caleu Caleu,42,La Pampa,14,Caleu Caleu,0.721997301,0.024747938,1.056,0.015564202,0.073260073,0.482126058,0.305231301,0.070038911,0.023016354,0.033553875,0,42014
11,La Pampa,2,Capital,42,La Pampa,21,Capital,0.68607787,0.029962547,0.931019308,0.010217259,0.060485722,0.377659143,0.242992252,0.102296035,0.039077818,0.140285211,0.9773,42021
11,La Pampa,4,Catrilo,42,La Pampa,28,CatrilÍ_,0.712850565,0.038991597,1.033175355,0.007267243,0.073548574,0.461784365,0.277663513,0.103798163,0.026007802,0.046879711,0.5048,42028
11,La Pampa,8,Conhelo,42,La Pampa,35,Conhelo,0.775820657,0.01657982,0.9973042,0.003409817,0.058993125,0.507059087,0.211266605,0.147687718,0.024141631,0.068153846,0.8092,42035
11,La Pampa,9,Curaco,42,La Pampa,42,CuracÍ_,0.636111111,0.078544061,1.311111111,0.013461538,0.110547667,0.642231947,0.247115385,0.073076923,0.02540107,0.028571429,0,42042
11,La Pampa,5,Chalileo,42,La Pampa,49,Chalileo,0.753959873,0.071368598,1.068607069,0.006700168,0.115221987,0.600438276,0.284757119,0.079731993,0.018833257,0.022489337,0.8088,42049
11,La Pampa,6,Chapaleufu,42,La Pampa,56,ChapaleufÍ_,0.738453815,0.03347622,1.012818292,0.00464716,0.068099711,0.435694103,0.253958692,0.1232358,0.023992757,0.061478893,0.6318,42056
11,La Pampa,7,Chical-co,42,La Pampa,63,Chical Co,0.717299578,0.126331811,1.121468927,0,0.170988087,0.679525223,0.338215712,0.075898802,0.023692004,0.013179572,0,42063
11,La Pampa,10,Guatrache,42,La Pampa,70,GuatrachÍ©,0.77076827,0.050149701,1.018975766,0.052655418,0.072830456,0.548615274,0.234288303,0.156833881,0.017512877,0.04950225,0.451,42070
11,La Pampa,11,Hucal,42,La Pampa,77,Hucal,0.762035763,0.01336074,1.035087719,0.008090186,0.048948164,0.508339173,0.198806366,0.169098143,0.027860697,0.042407855,0.6468,42077
11,La Pampa,13,Lihuel Lihuel,42,La Pampa,84,Lihuel Calel,0.521978022,0.021164021,1.597633136,0.025056948,0.088095238,0.566929134,0.241457859,0.088838269,0.029220779,0.038560411,0,42084
11,La Pampa,14,Limay Mahuida,42,La Pampa,91,Limay Mahuida,0.529100529,0.081560284,1.429951691,0.009940358,0.15,0.651162791,0.234592445,0.10139165,0.01025641,0.01946472,0,42091
11,La Pampa,12,Loventue,42,La Pampa,98,LoventuÍ©,0.736543909,0.031291789,1.015197568,0.005685114,0.097531315,0.514040755,0.255250029,0.107437058,0.043028994,0.053643857,0.6523,42098
11,La Pampa,15,Maraco,42,La Pampa,105,MaracÍ_,0.708521545,0.026074215,0.958002986,0.009250474,0.062776351,0.388578433,0.250220249,0.112123882,0.041628515,0.124473631,0.961,42105
11,La Pampa,16,Puelen,42,La Pampa,112,PuelÍ©n,0.703584229,0.090419162,1.085003303,0.035910435,0.09065347,0.446258503,0.288867765,0.066011829,0.034533003,0.057115081,0.8208,42112
11,La Pampa,17,Quemu Quemu,42,La Pampa,119,QuemÍ_ QuemÍ_,0.757247531,0.014932802,1.003932454,0.009811843,0.061579329,0.490889213,0.230174305,0.150294355,0.017777778,0.070388959,0.7505,42119
11,La Pampa,18,Rancul,42,La Pampa,126,Rancul,0.729196454,0.035260622,1.013590034,0.00328084,0.084461128,0.540157637,0.271372328,0.106486689,0.025402414,0.056597874,0.6946,42126
11,La Pampa,19,Realico,42,La Pampa,133,RealicÍ_,0.789290936,0.023396115,0.994469027,0.007210205,0.06720517,0.451665472,0.240833179,0.135638134,0.020368885,0.074477381,0.7337,42133
11,La Pampa,20,Toay,42,La Pampa,140,Toay,0.727580813,0.035539934,1.029604187,0.010637441,0.080850697,0.443258378,0.301313563,0.06753163,0.042991082,0.09587927,0.9121,42140
11,La Pampa,21,Trenel,42,La Pampa,147,Trenel,0.795896328,0.020190024,1.045231813,0.01105787,0.056785371,0.469682199,0.225580538,0.147806856,0.016087059,0.073593937,0.612,42147
11,La Pampa,22,Utracan,42,La Pampa,154,UtracÍçn,0.742657343,0.030046225,0.977478678,0.009097648,0.082837302,0.504797634,0.254329807,0.111395647,0.039110154,0.052849196,0.7927,42154
12,La Rioja,4,Arauco,46,La Rioja,7,Arauco,0.7748844,0.108406159,1.00572395,0.010572059,0.073432795,0.570966187,0.292450383,0.068491374,0.048457756,0.057425461,0.7924,46007
12,La Rioja,1,Capital,46,La Rioja,14,Capital,0.752759833,0.091836367,0.958121017,0.0095196,0.067964676,0.438146149,0.27220089,0.063184066,0.043046086,0.149881023,0.9814,46014
12,La Rioja,3,Castro Barros,46,La Rioja,21,Castro Barros,0.844879518,0.031545741,1.023707918,0.004451734,0.051864658,0.560829378,0.253045923,0.11972821,0.02889096,0.052565392,0,46021
12,La Rioja,8,Cnel. Felipe Varela,46,La Rioja,28,Coronel Felipe Varela,0.766908674,0.114633456,1.022217564,0.00590796,0.075627513,0.547577286,0.264303483,0.087686567,0.045410628,0.075985097,0.7628,46028
12,La Rioja,12,Chamical,46,La Rioja,35,Chamical,0.75579103,0.113361169,0.987647389,0.003177966,0.06871193,0.539805825,0.262358757,0.083121469,0.029546517,0.088532884,0.9034,46035
12,La Rioja,6,Chilecito,46,La Rioja,42,Chilecito,0.767518797,0.103823041,0.983627608,0.020229811,0.077007323,0.52529107,0.299967632,0.069934455,0.036217931,0.081862352,0.886,46042
12,La Rioja,7,Famatina,46,La Rioja,49,Famatina,0.807714787,0.107869482,1.040013918,0.003922906,0.073066667,0.566565675,0.272045028,0.09670817,0.028545537,0.03943507,0.4096,46049
12,La Rioja,13,Angel Vicente Peê±aloza,46,La Rioja,56,General ÍÅngel Vicente PeÍ±aloza,0.892733564,0.114556417,1.122237569,0.00130166,0.068041237,0.688750863,0.297754637,0.104783599,0.020572451,0.017075774,0,46056
12,La Rioja,14,Gral. Belgrano,46,La Rioja,63,General Belgrano,0.791530945,0.130003672,1.000542888,0.003934871,0.065566776,0.571061277,0.276662144,0.097964722,0.022396213,0.039305167,0.6158,46063
12,La Rioja,15,Juan Facundo Quiroga,46,La Rioja,70,General Juan Facundo Quiroga,0.864648264,0.162087912,1.105586879,0.00097371,0.083908928,0.71947786,0.306718598,0.085929893,0.054692775,0.016493748,0,46070
12,La Rioja,9,Gral.Lamadrid,46,La Rioja,77,General Lamadrid,0.814049587,0.071537291,0.995397008,0.004036909,0.087114338,0.569689592,0.291234141,0.065743945,0.033911672,0.038485804,0,46077
12,La Rioja,16,Gral.Ortiz de Ocampo,46,La Rioja,84,General Ocampo,0.818225191,0.125703565,1.05316092,0.002379286,0.068221831,0.628105248,0.269979006,0.10916725,0.028395292,0.058208276,0.4963,46084
12,La Rioja,18,Gral.San Martin,46,La Rioja,91,General San MartÍ_n,0.797224364,0.180649112,1.019607843,0.002022654,0.101833873,0.675330301,0.332928803,0.073017799,0.030108156,0.028942571,0.6157,46091
12,La Rioja,10,Vinchina,46,La Rioja,98,Vinchina,0.765013055,0.077696527,1.100769231,0.004027829,0.087341285,0.587475538,0.276821677,0.084950568,0.020937188,0.033980583,0.859,46098
12,La Rioja,11,Independencia,46,La Rioja,105,Independencia,0.828926905,0.192396313,1.036073826,0.005768438,0.099433057,0.706293706,0.3197363,0.079110012,0.02970297,0.018492834,0,46105
12,La Rioja,17,Rosario Vera Peê±aloza,46,La Rioja,112,Rosario Vera PeÍ±aloza,0.783893986,0.147221044,0.989524349,0.002276932,0.08416698,0.591159387,0.285968408,0.083819553,0.0357212,0.051020408,0.7771,46112
12,La Rioja,5,San Blas de los Sauces,46,La Rioja,119,San Blas de los Sauces,0.834406624,0.093380615,0.970396387,0.010185893,0.074143469,0.645143933,0.285714286,0.100076394,0.030082988,0.034320509,0.9972,46119
12,La Rioja,2,Sanagasta,46,La Rioja,126,Sanagasta,0.844051447,0.093192869,1.007705479,0.003411514,0.058849755,0.517504488,0.251599147,0.089978678,0.028856826,0.076181735,0.9523,46126
13,Mendoza,1,Capital,50,Mendoza,7,Capital,0.575173753,0.03391749,0.886443763,0.062916699,0.047378877,0.333553198,0.18133535,0.148347111,0.041758242,0.318262878,0.9998,50007
13,Mendoza,18,Gral. Alvear,50,Mendoza,14,General Alvear,0.702264714,0.070199464,0.944344403,0.01673523,0.087191917,0.531663473,0.250145383,0.134161839,0.03695977,0.054081705,0.7613,50014
13,Mendoza,2,Godoy Cruz,50,Mendoza,21,Godoy Cruz,0.673481481,0.035714286,0.903780716,0.031323116,0.056616894,0.390439125,0.229105329,0.123578058,0.051060026,0.188260141,0.9959,50021
13,Mendoza,3,Guaymallen,50,Mendoza,28,GuaymallÍ©n,0.645117212,0.062528061,0.936362706,0.050397635,0.066479777,0.449651749,0.252305296,0.101454178,0.047824997,0.1352361,0.9291,50028
13,Mendoza,10,Junin,50,Mendoza,35,JunÍ_n,0.64369446,0.063933538,0.972131062,0.017406693,0.070756031,0.533154047,0.251432949,0.103251539,0.033965792,0.06357846,0.5507,50035
13,Mendoza,15,La Paz,50,Mendoza,42,La Paz,0.775531544,0.088924559,0.990457256,0.005193767,0.080524934,0.558752239,0.273172193,0.090890931,0.041472196,0.037967738,0.765,50042
13,Mendoza,4,Las Heras,50,Mendoza,49,Las Heras,0.667271851,0.075466269,0.951552783,0.034885548,0.073633189,0.47303207,0.276187483,0.085924995,0.053407684,0.095739557,0.946,50049
13,Mendoza,5,Lavalle,50,Mendoza,56,Lavalle,0.619915849,0.167468342,1.026588703,0.04306168,0.110127025,0.626027637,0.312074691,0.066470684,0.03593732,0.034734747,0.3061,50056
13,Mendoza,7,Lujan,50,Mendoza,63,LujÍçn de Cuyo,0.682158037,0.057860406,0.970772443,0.044716736,0.076499021,0.431998147,0.273555318,0.083169291,0.041336821,0.155925232,0.799,50063
13,Mendoza,6,Maipu,50,Mendoza,70,MaipÍ_,0.645321995,0.083167069,0.97119817,0.047095142,0.07820013,0.531099062,0.270419887,0.086043219,0.04541739,0.082750455,0.745,50070
13,Mendoza,17,Malargue,50,Mendoza,77,MalargÍ_e,0.709462916,0.12856475,1.041177773,0.015509761,0.114967712,0.503691941,0.287165582,0.067462039,0.033816673,0.048340249,0.798,50077
13,Mendoza,11,Rivadavia,50,Mendoza,84,Rivadavia,0.661483254,0.070697674,0.968674699,0.016621432,0.075083019,0.540749666,0.259273056,0.111986235,0.034921901,0.063138835,0.5706,50084
13,Mendoza,13,San Carlos,50,Mendoza,91,San Carlos,0.604117974,0.100165563,0.99969359,0.054426772,0.088061793,0.563677468,0.273941957,0.088198339,0.02943,0.04647337,0.5681,50091
13,Mendoza,9,San Martin,50,Mendoza,98,San MartÍ_n,0.648395967,0.087994623,0.959295966,0.020512604,0.077192574,0.546809661,0.261495517,0.107782101,0.04022413,0.078687942,0.7112,50098
13,Mendoza,16,San Rafael,50,Mendoza,105,San Rafael,0.646911741,0.069689455,0.938989553,0.023242456,0.077880781,0.503505079,0.250720676,0.116159091,0.041033456,0.083911462,0.6975,50105
13,Mendoza,14,Santa Rosa,50,Mendoza,112,Santa Rosa,0.604100946,0.091606055,1.031009675,0.011786979,0.087903539,0.584167425,0.281482839,0.089715402,0.035103659,0.03191779,0.5223,50112
13,Mendoza,12,Tunuyan,50,Mendoza,119,TunuyÍçn,0.602452356,0.119262295,0.975633139,0.035848599,0.086313833,0.522050008,0.287961503,0.080896923,0.036928488,0.053585608,0.7281,50119
13,Mendoza,8,Tupungato,50,Mendoza,126,Tupungato,0.533528722,0.158680283,1.033894065,0.077235272,0.100756,0.596033957,0.313460829,0.058602878,0.030702712,0.037568594,0.4389,50126
14,Misiones,2,Apostoles,54,Misiones,7,ApÍ_stoles,0.776652821,0.180035929,0.973698963,0.010012071,0.09893278,0.662560203,0.339913371,0.068688016,0.02891733,0.042202228,0.8329,54007
14,Misiones,10,Cainguas,54,Misiones,14,CainguÍçs,0.814624314,0.140579617,1.046248755,0.019923974,0.12020934,0.747672046,0.35576653,0.064060072,0.020366428,0.022732212,0.5643,54014
14,Misiones,3,Candelaria,54,Misiones,21,Candelaria,0.695437731,0.15004852,1.03216594,0.031323964,0.108078258,0.677659361,0.336871302,0.06364645,0.028767048,0.032175086,0.694,54021
14,Misiones,1,Capital,54,Misiones,28,Capital,0.752276632,0.109340878,0.919123513,0.037437338,0.073556852,0.459997963,0.286821491,0.069870918,0.040328035,0.120079134,0.9841,54028
14,Misiones,5,C. de la Sierra,54,Misiones,35,ConcepciÍ_n,0.776702786,0.143321417,0.996872394,0.015244857,0.11819404,0.733190675,0.355226062,0.074449201,0.021210231,0.021113942,0.6578,54035
14,Misiones,14,El Dorado,54,Misiones,42,Eldorado,0.75743009,0.133113032,0.989445038,0.055407116,0.101124363,0.621576741,0.315695274,0.067859015,0.037306326,0.053217442,0.8182,54042
14,Misiones,17,Gral. Manuel Belgrano,54,Misiones,49,General Manuel Belgrano,0.769244702,0.186089437,1.070759726,0.054682765,0.148380434,0.773666311,0.384830544,0.034147592,0.017179618,0.015383331,0.5285,54049
14,Misiones,13,Guarani,54,Misiones,56,GuaranÍ_,0.825116645,0.184730708,1.058420494,0.036496458,0.152765179,0.810035957,0.375627789,0.041047469,0.012170201,0.017603442,0.4101,54056
14,Misiones,16,Iguazu,54,Misiones,63,IguazÍ_,0.753191093,0.196284537,1.00881929,0.076325295,0.110688217,0.587498649,0.33238474,0.046383791,0.033784902,0.043622936,0.9235,54063
14,Misiones,4,L.N.Alem,54,Misiones,70,Leandro N. Alem,0.778687897,0.137025004,0.996058808,0.017659456,0.093925376,0.669976359,0.305335552,0.078824182,0.021951296,0.040430129,0.6145,54070
14,Misiones,9,L.G. San Martin,54,Misiones,77,Libertador General San MartÍ_n,0.751313622,0.143779718,1.013187478,0.050858014,0.108117997,0.642091678,0.329503232,0.066815575,0.024037114,0.034718284,0.6219,54077
14,Misiones,12,Montecarlo,54,Misiones,84,Montecarlo,0.79326874,0.133488372,1.006388555,0.06852633,0.10444244,0.674844476,0.335147639,0.069125051,0.033701199,0.035762335,0.7337,54084
14,Misiones,8,Obera,54,Misiones,91,OberÍç,0.746635128,0.132268892,0.995304119,0.023711407,0.099580859,0.638256513,0.324936512,0.068678431,0.023136247,0.062198036,0.7101,54091
14,Misiones,7,San Ignacio,54,Misiones,98,San Ignacio,0.78270667,0.1810075,1.005419301,0.036256236,0.107405971,0.672279192,0.338622506,0.069117239,0.027835469,0.029013004,0.6955,54098
14,Misiones,6,San Javier,54,Misiones,105,San Javier,0.813965698,0.15505284,1.003066015,0.035109538,0.117117117,0.735911317,0.344877069,0.065722759,0.013340903,0.017426422,0.46,54105
14,Misiones,15,San Pedro,54,Misiones,112,San Pedro,0.845009785,0.204672121,1.092949582,0.027857396,0.164210968,0.831876733,0.400727835,0.035328975,0.016475902,0.017826224,0.3524,54112
14,Misiones,11,25 de Mayo,54,Misiones,119,25 de Mayo,0.802098552,0.141675025,1.053266257,0.072674209,0.123243909,0.841926126,0.348129999,0.052965338,0.006723586,0.012711331,0.1501,54119
15,Neuquê©n,10,Alumine,58,NeuquÍ©n,7,AluminÍ©,0.681743421,0.115036744,1.058488228,0.037322418,0.106287617,0.50144211,0.286901035,0.060077053,0.035657265,0.061913185,0.5379,58007
15,Neuquê©n,3,Aê±elo,58,NeuquÍ©n,14,AÍ±elo,0.63125386,0.168421053,1.111176355,0.095216021,0.107816712,0.557593985,0.315594289,0.037548674,0.044420941,0.029269343,0.7923,58014
15,Neuquê©n,11,Catan Lil,58,NeuquÍ©n,21,CatÍçn Lil,0.700453858,0.187418087,1.187817259,0.009280742,0.171287129,0.748628429,0.276102088,0.091415313,0.02972802,0.02843877,0,58021
15,Neuquê©n,13,Collon Cura,58,NeuquÍ©n,28,CollÍ_n CurÍç,0.642097264,0.101053937,1.033198744,0.025154457,0.104031511,0.492662474,0.291703442,0.057590468,0.041666667,0.046882671,0.7798,58028
15,Neuquê©n,1,Confluencia,58,NeuquÍ©n,35,Confluencia,0.699018127,0.081336776,0.959811948,0.072133851,0.068306497,0.378332085,0.256862242,0.069329672,0.044179098,0.123842684,0.9735,58035
15,Neuquê©n,5,Chos Malal,58,NeuquÍ©n,42,Chos Malal,0.69673913,0.089001447,0.994509086,0.016386995,0.090134405,0.468437123,0.266518091,0.06135291,0.035720648,0.063823572,0.853,58042
15,Neuquê©n,14,Huiliches,58,NeuquÍ©n,49,Huiliches,0.59947892,0.142470882,1.000135833,0.023157895,0.095944681,0.440087475,0.279252971,0.056434635,0.038888353,0.071580386,0.8687,58049
15,Neuquê©n,15,Lacar,58,NeuquÍ©n,56,LÍçcar,0.603823048,0.070658894,0.988635604,0.074862176,0.070426047,0.348189101,0.272589754,0.064844695,0.042988594,0.13242346,0.9445,58056
15,Neuquê©n,8,Loncopue,58,NeuquÍ©n,63,LoncopuÍ©,0.732,0.176369863,1.021307647,0.01732852,0.111794556,0.608736059,0.284476534,0.070469314,0.029616378,0.024156188,0.734,58063
15,Neuquê©n,16,Los Lagos,58,NeuquÍ©n,70,Los Lagos,0.543748275,0.046839845,1.038049941,0.100433406,0.068557293,0.301024978,0.263710618,0.057842974,0.034009321,0.136450468,0.922,58070
15,Neuquê©n,6,Minas,58,NeuquÍ©n,77,Minas,0.762186788,0.111529766,1.069221968,0.013547139,0.112851288,0.509944669,0.289189936,0.058473873,0.031165312,0.045894474,0.3628,58077
15,Neuquê©n,7,ê‚orquin,58,NeuquÍ©n,84,Í´orquÍ_n,0.731884058,0.125254582,1.124038026,0.013000853,0.104115134,0.614446529,0.280903666,0.065643649,0.023688156,0.036556037,0,58084
15,Neuquê©n,4,Pehuenches,58,NeuquÍ©n,91,Pehuenches,0.634519177,0.132150362,1.168632394,0.048449371,0.098369444,0.413875936,0.308631212,0.028978287,0.037190083,0.061396813,0.892,58091
15,Neuquê©n,12,Picun Leufu,58,NeuquÍ©n,98,PicÍ_n LeufÍ_,0.710472279,0.082962138,1.099037139,0.036697248,0.09925616,0.580116959,0.28768021,0.083224115,0.037747154,0.031891224,0.629,58098
15,Neuquê©n,9,Picunches,58,NeuquÍ©n,105,Picunches,0.676604346,0.110486139,1.068945197,0.021788664,0.100648861,0.571049758,0.298917687,0.069353461,0.023189585,0.036098187,0.6229,58105
15,Neuquê©n,2,Zapala,58,NeuquÍ©n,112,Zapala,0.706846763,0.110382604,0.967644684,0.033735533,0.085627354,0.46943078,0.275657337,0.069413664,0.047705944,0.066132877,0.9507,58112
16,Rê_o Negro,1,Adolfo Alsina,62,RÍ_o Negro,7,Adolfo Alsina,0.702262197,0.050379936,0.972639283,0.031623843,0.069872743,0.37101751,0.2556434,0.088734006,0.039560083,0.114401935,0.9179,62007
16,Rê_o Negro,11,Avellaneda,62,RÍ_o Negro,14,Avellaneda,0.66726704,0.090121742,1.040258765,0.072275854,0.078955251,0.478112196,0.286045919,0.075191801,0.032108626,0.046709661,0.786,62014
16,Rê_o Negro,9,Bariloche,62,RÍ_o Negro,21,Bariloche,0.675814751,0.09137931,0.977367657,0.088097378,0.062087873,0.331224747,0.244314607,0.077722846,0.052558259,0.128157171,0.9477,62021
16,Rê_o Negro,2,Conesa,62,RÍ_o Negro,28,Conesa,0.673025732,0.080493111,1.009951663,0.087141038,0.078343759,0.495226549,0.259867025,0.09916537,0.026115135,0.040956698,0.7764,62028
16,Rê_o Negro,13,El Cuy,62,RÍ_o Negro,35,El Cuy,0.806848582,0.128443783,1.206435437,0.060416667,0.152043269,0.623258631,0.285984848,0.089015152,0.025687597,0.036342857,0.4232,62035
16,Rê_o Negro,12,Gral. Roca,62,RÍ_o Negro,42,General Roca,0.673207084,0.082118492,0.968103961,0.086535316,0.07258637,0.434248323,0.260799387,0.085478981,0.043088672,0.105313617,0.8526,62042
16,Rê_o Negro,5,9 de Julio,62,RÍ_o Negro,49,9 de Julio,0.772929653,0.134791814,1.154370738,0.003165468,0.142514251,0.573312883,0.282877698,0.097841727,0.017124652,0.028135593,0,62049
16,Rê_o Negro,7,ê‚orquinco,62,RÍ_o Negro,56,Í´orquinco,0.720565149,0.135207497,1.374829001,0.003456221,0.175699821,0.699322243,0.253456221,0.119815668,0.014426727,0.012236574,0,62056
16,Rê_o Negro,10,Pichi Mahuida,62,RÍ_o Negro,63,Pichi Mahuida,0.739278856,0.040180118,0.969151312,0.066562699,0.063505002,0.449297151,0.241085986,0.116254342,0.034852547,0.05302682,0.8185,62063
16,Rê_o Negro,8,Pilcaniyeu,62,RÍ_o Negro,70,Pilcaniyeu,0.727542373,0.09589502,1.030062859,0.035137318,0.093612803,0.43260095,0.265212709,0.092487884,0.028252788,0.086761406,0.4874,62070
16,Rê_o Negro,3,San Antonio,62,RÍ_o Negro,77,San Antonio,0.632827736,0.037787478,1.023913194,0.034284934,0.072742295,0.396772663,0.273391613,0.085644038,0.032439728,0.062715034,0.9658,62077
16,Rê_o Negro,4,Valcheta,62,RÍ_o Negro,84,Valcheta,0.669264491,0.091016085,1.020199147,0.009857767,0.104921898,0.570657875,0.273905084,0.106041403,0.015064836,0.028698272,0.5755,62084
16,Rê_o Negro,6,25 de Mayo,62,RÍ_o Negro,91,25 de Mayo,0.71046437,0.106390704,1.049069374,0.007558915,0.14303014,0.549704386,0.283364035,0.091977387,0.031552118,0.030623819,0.8583,62091
17,Salta,5,Anta,66,Salta,7,Anta,0.712083577,0.256465517,1.049587662,0.018219505,0.123969106,0.775254473,0.343627528,0.057271255,0.0242641,0.017257482,0.6586,66007
17,Salta,20,Cachi,66,Salta,14,Cachi,0.659856433,0.161782914,1.034204672,0.006561859,0.091384571,0.750184447,0.353246753,0.084073821,0.021820449,0.027535567,0.3699,66014
17,Salta,17,Cafayate,66,Salta,21,Cafayate,0.617721519,0.19414744,0.990083088,0.016767677,0.085960503,0.619890403,0.307542088,0.07043771,0.030904645,0.040252328,0.9082,66021
17,Salta,1,Capital,66,Salta,28,Capital,0.717912409,0.127887674,0.919604845,0.02686374,0.06572111,0.472804024,0.276852082,0.078621485,0.05189444,0.131509703,0.9971,66028
17,Salta,11,Cerrillos,66,Salta,35,Cerrillos,0.640564374,0.217894623,1.010843915,0.037804912,0.090190915,0.641905336,0.339489787,0.05384336,0.032356457,0.046039354,0.7673,66035
17,Salta,12,Chicoana,66,Salta,42,Chicoana,0.56718529,0.19907871,1.002126837,0.012312892,0.087454424,0.677261739,0.318300338,0.078512796,0.028985507,0.027957686,0.6286,66042
17,Salta,3,Gê_emes,66,Salta,49,General GÍ_emes,0.691489362,0.149844593,0.992237924,0.034980731,0.089340851,0.657886442,0.303201626,0.074217592,0.052216924,0.033098095,0.9048,66049
17,Salta,8,San Martin,66,Salta,56,General JosÍ© de San MartÍ_n,0.797257022,0.247465011,0.99702184,0.018985406,0.118731665,0.687944929,0.349461475,0.052660761,0.056472093,0.033635006,0.8629,66056
17,Salta,14,Guachipas,66,Salta,63,Guachipas,0.60816777,0.212248322,1.057456423,0.007216818,0.085628941,0.757028112,0.30781299,0.104486978,0.030959752,0.016660759,0.5696,66063
17,Salta,9,Iruya,66,Salta,70,Iruya,0.829787234,0.165098039,0.94256976,0.002505428,0.152637283,0.805540368,0.400367463,0.065141139,0.033521051,0.01107157,0,66070
17,Salta,2,La Caldera,66,Salta,77,La Caldera,0.734195402,0.123351435,1.039674199,0.023315728,0.080768183,0.513273125,0.298595904,0.070848899,0.03240324,0.131556684,0.8447,66077
17,Salta,16,La Candelaria,66,Salta,84,La Candelaria,0.665078285,0.148486579,1.062929476,0.002279102,0.088720133,0.738725307,0.328892006,0.089060309,0.015005086,0.021875,0.4563,66084
17,Salta,22,La Poma,66,Salta,91,La Poma,0.368794326,0.170692432,0.952808989,0.000575374,0.147186147,0.810311903,0.387226697,0.074798619,0.014071295,0.019410977,0,66091
17,Salta,13,La Viê±a,66,Salta,98,La ViÍ±a,0.600856073,0.193039443,1.005664958,0.009818426,0.090209491,0.721674877,0.311365165,0.096839274,0.018339768,0.026477188,0.4371,66098
17,Salta,23,Los Andes,66,Salta,105,Los Andes,0.676,0.188195991,1.06979131,0.003966942,0.121667561,0.726372987,0.397190083,0.040826446,0.031457431,0.016116505,0.7474,66105
17,Salta,4,Metan,66,Salta,112,MetÍçn,0.707444708,0.169352636,0.990479479,0.004188248,0.081373754,0.65691237,0.289509554,0.09117494,0.044616645,0.043203285,0.8221,66112
17,Salta,19,Molinos,66,Salta,119,Molinos,0.575146935,0.205029014,0.971398675,0.00477707,0.123132211,0.838659694,0.382696391,0.089525832,0.018434487,0.015195072,0,66119
17,Salta,7,Oran,66,Salta,126,OrÍçn,0.751844063,0.287858812,1.008070581,0.031778043,0.111032001,0.707544445,0.347073568,0.051578098,0.041228146,0.033135378,0.9191,66126
17,Salta,6,Rivadavia,66,Salta,133,Rivadavia,0.850573106,0.444135139,1.082384415,0.003129426,0.191562062,0.897958446,0.410877228,0.051289653,0.028844092,0.008377389,0.2971,66133
17,Salta,15,Ros. de la Frontera,66,Salta,140,Rosario de la Frontera,0.727925157,0.137709597,0.971374176,0.004656296,0.08553137,0.665315,0.302107405,0.088366157,0.043885483,0.032230867,0.7998,66140
17,Salta,21,Rosario de Lerma,66,Salta,147,Rosario de Lerma,0.664250669,0.156027687,0.989922361,0.020024805,0.087865187,0.663996686,0.322489794,0.072683582,0.040805785,0.042447773,0.7358,66147
17,Salta,18,San Carlos,66,Salta,154,San Carlos,0.5562954,0.166903746,1.017251294,0.00313569,0.116506337,0.765927978,0.345068415,0.086944128,0.025814642,0.018236074,0.3128,66154
17,Salta,10,Santa Victoria,66,Salta,161,Santa Victoria,0.837328094,0.157117392,0.950226244,0.017691415,0.199791992,0.852534562,0.412703016,0.073085847,0.028427831,0.008479637,0,66161
18,San Juan,10,Albardon,70,San Juan,7,AlbardÍ_n,0.730001706,0.150378361,0.979613823,0.006279303,0.093490646,0.696214469,0.31974213,0.074053918,0.044423215,0.042022792,0.9208,70007
18,San Juan,9,Angaco,70,San Juan,14,Angaco,0.56674938,0.147283341,1.00617284,0.004307692,0.095964243,0.701105554,0.312861538,0.088615385,0.046215556,0.024744263,0.5497,70014
18,San Juan,19,Calingasta,70,San Juan,21,Calingasta,0.595181861,0.084391081,1.133134625,0.020959478,0.088641975,0.662750161,0.309152306,0.063926409,0.029137931,0.033182113,0.6849,70021
18,San Juan,1,Capital,70,San Juan,28,Capital,0.644042409,0.035642353,0.858171849,0.014662353,0.0519074,0.387079817,0.216892864,0.144634953,0.040043909,0.237717861,1,70028
18,San Juan,15,Caucete,70,San Juan,35,Caucete,0.674777825,0.152344557,0.967417518,0.003364369,0.092339395,0.666248011,0.32071043,0.078501943,0.055091384,0.041360376,0.7406,70035
18,San Juan,3,Chimbas,70,San Juan,42,Chimbas,0.739422431,0.117057686,0.975101292,0.005947879,0.084547855,0.56907191,0.311375461,0.059811135,0.056856023,0.051636457,1,70042
18,San Juan,18,Iglesia,70,San Juan,49,Iglesia,0.702795208,0.104924242,1.701603325,0.011429827,0.068390805,0.675117371,0.220903396,0.0552808,0.032074706,0.072482742,0.3801,70049
18,San Juan,17,Jachal,70,San Juan,56,JÍçchal,0.652190121,0.084475965,1.02233597,0.005798435,0.077383828,0.699756518,0.267602393,0.096180396,0.039521581,0.039744749,0.535,70056
18,San Juan,7,9 de Julio,70,San Juan,63,9 de Julio,0.69518235,0.160744501,0.988675214,0.006339314,0.106578043,0.730460692,0.342322983,0.054690018,0.063232964,0.021412749,0.6733,70063
18,San Juan,12,Pocito,70,San Juan,70,Pocito,0.671658811,0.13729878,0.985138163,0.012527745,0.100398681,0.693364958,0.340186599,0.06145367,0.043081265,0.038703832,0.7433,70070
18,San Juan,6,Rawson,70,San Juan,77,Rawson,0.68204607,0.099476618,0.939492606,0.007825616,0.075437929,0.525480841,0.283479645,0.08605554,0.056142063,0.079733769,0.9543,70077
18,San Juan,4,Rivadavia,70,San Juan,84,Rivadavia,0.734550434,0.064604386,0.921124207,0.008978594,0.068984032,0.443083778,0.268450285,0.082743432,0.051055793,0.168255437,0.9994,70084
18,San Juan,8,San Martin,70,San Juan,91,San MartÍ_n,0.611962617,0.126164875,1.012128892,0.006927575,0.09694172,0.721420323,0.316509222,0.073954116,0.037259923,0.023518724,0.2227,70091
18,San Juan,2,Santa Lucia,70,San Juan,98,Santa LucÍ_a,0.681703867,0.080429576,0.938601088,0.007881548,0.071959861,0.508559564,0.275479859,0.094121072,0.047020445,0.11257466,1,70098
18,San Juan,13,Sarmiento,70,San Juan,105,Sarmiento,0.662136294,0.192982456,1.064651553,0.008765984,0.113242364,0.707482,0.345894899,0.064208576,0.022053895,0.019693654,0.5403,70105
18,San Juan,11,Ullum,70,San Juan,112,Ullum,0.718699187,0.102797658,1.043496445,0.006139992,0.102642498,0.711208791,0.323782235,0.065083913,0.0487877,0.021475257,0.89,70112
18,San Juan,16,Valle Fertil,70,San Juan,119,Valle FÍ©rtil,0.758029979,0.118222585,1.052287582,0.006646358,0.079750145,0.640209268,0.293132096,0.085156466,0.020699082,0.040060469,0.6217,70119
18,San Juan,14,25 de Mayo,70,San Juan,126,25 de Mayo,0.651648628,0.194112015,1.038704299,0.003212804,0.132475682,0.755379747,0.363806297,0.064664992,0.056791882,0.013131038,0.5201,70126
18,San Juan,5,Zonda,70,San Juan,133,Zonda,0.680602007,0.112837838,1.045856121,0.006785935,0.090610637,0.633147942,0.322640345,0.060456508,0.022556391,0.042400371,0.9376,70133
19,San Luis,7,Ayacucho,74,San Luis,7,Ayacucho,0.706541381,0.120190165,1.021927966,0.006915702,0.089102883,0.560411311,0.284015298,0.10352596,0.030816752,0.050848439,0.7089,74007
19,San Luis,8,Belgrano,74,San Luis,14,Belgrano,0.720247295,0.139646102,1.24128234,0.005771644,0.09757384,0.623615239,0.26348808,0.144291092,0.020129649,0.029598893,0,74014
19,San Luis,2,Pringles,74,San Luis,21,Coronel Pringles,0.694944513,0.07059448,1.040161265,0.008056548,0.0759372,0.462058421,0.280079045,0.10397507,0.03993824,0.05736344,0.5471,74021
19,San Luis,4,Chacabuco,74,San Luis,28,Chacabuco,0.736325386,0.073790374,1.001736949,0.00776128,0.070512173,0.467848436,0.263305052,0.104512148,0.036517394,0.057437023,0.7002,74028
19,San Luis,3,Pedernera,74,San Luis,35,General Pedernera,0.725021626,0.059002279,0.971237552,0.007561617,0.072762228,0.374841802,0.282416858,0.085107904,0.047369504,0.094988021,0.9613,74035
19,San Luis,9,Dupuy,74,San Luis,42,Gobernador Dupuy,0.675598632,0.104730525,1.073037663,0.00483912,0.110484881,0.48447205,0.306647423,0.085151541,0.028892073,0.041313559,0.4496,74042
19,San Luis,6,Junin,74,San Luis,49,JunÍ_n,0.676187313,0.051249895,0.965290042,0.020806691,0.063485747,0.433209752,0.252307054,0.122800954,0.033912635,0.088726786,0.7873,74049
19,San Luis,1,Pueyrredon,74,San Luis,56,La Capital,0.719752728,0.06439266,0.953886819,0.017228788,0.072416919,0.333291531,0.280326832,0.076590906,0.054336538,0.148051407,0.9557,74056
19,San Luis,5,San Martê_n,74,San Luis,63,Libertador General San MartÍ_n,0.74379085,0.27098831,1.15521978,0.001699596,0.076378127,0.690396984,0.252390057,0.145527937,0.016935036,0.016355678,0,74063
20,Santa Cruz,5,Corpen Aike,78,Santa Cruz,7,Corpen Aike,0.564205688,0.050047664,1.085150376,0.064274768,0.072704572,0.274613996,0.281979627,0.056612278,0.039994823,0.081548438,0.9634,78007
20,Santa Cruz,1,Deseado,78,Santa Cruz,14,Deseado,0.6398546,0.088412184,1.064844125,0.078741986,0.075298994,0.339347991,0.297519279,0.047096534,0.041407622,0.078412877,0.9608,78014
20,Santa Cruz,7,Guer Aike,78,Santa Cruz,21,GÍ_er Aike,0.621875832,0.059118577,1.029292676,0.105979676,0.065805572,0.27814349,0.272188722,0.058878579,0.037298375,0.104431135,0.9646,78021
20,Santa Cruz,6,Lago Argentino,78,Santa Cruz,28,Lago Argentino,0.447024673,0.088892154,1.060513381,0.144349025,0.064779839,0.265639527,0.25153732,0.044052163,0.043256131,0.167270219,0.8659,78028
20,Santa Cruz,2,Lago Bs. As,78,Santa Cruz,35,Lago Buenos Aires,0.600155581,0.062267658,1.273908524,0.108457143,0.062924345,0.349819543,0.262285714,0.0584,0.024166099,0.073589839,0.9586,78035
20,Santa Cruz,3,Magallanes,78,Santa Cruz,42,Magallanes,0.660491628,0.042117578,1.087568058,0.076287764,0.070633264,0.295075898,0.284177353,0.065420561,0.025915853,0.096504831,0.9174,78042
20,Santa Cruz,4,Rio Chico,78,Santa Cruz,49,RÍ_o Chico,0.545836249,0.070437567,1.339229025,0.092089957,0.073175745,0.350298686,0.265412951,0.048468399,0.029402565,0.080782313,0.8557,78049
21,Santa Fe,1,Belgrano,82,Santa Fe,7,Belgrano,0.771286513,0.040417858,0.953845483,0.006765205,0.054448498,0.46704925,0.229213182,0.130057158,0.022392323,0.061708292,0.9275,82007
21,Santa Fe,2,Caseros,82,Santa Fe,14,Caseros,0.77886301,0.030420473,0.939981096,0.007015834,0.04958206,0.475800981,0.198526188,0.156747868,0.027009084,0.085442465,0.888,82014
21,Santa Fe,3,Castellanos,82,Santa Fe,21,Castellanos,0.686810467,0.046045469,0.972247755,0.004677358,0.060231432,0.453044811,0.250258293,0.11398603,0.028464132,0.079396663,0.8155,82021
21,Santa Fe,4,Constitucion,82,Santa Fe,28,ConstituciÍ_n,0.790091359,0.053206541,0.954922734,0.007294903,0.060240819,0.473941447,0.229202623,0.134932689,0.044718377,0.064623831,0.8271,82028
21,Santa Fe,5,Garay,82,Santa Fe,35,Garay,0.771501706,0.116222433,1.021678119,0.008664433,0.080227926,0.665030364,0.289468645,0.08606989,0.022444706,0.02768021,0.6193,82035
21,Santa Fe,6,Gral. Lopez,82,Santa Fe,42,General LÍ_pez,0.721275836,0.040763285,0.952352238,0.009051219,0.057092697,0.464012505,0.227557794,0.14094564,0.026762179,0.070389709,0.876,82042
21,Santa Fe,7,Gral. Obligado,82,Santa Fe,49,General Obligado,0.746803018,0.114387916,0.972295515,0.002233433,0.080812064,0.591434476,0.288532396,0.080681367,0.039737111,0.046356997,0.8247,82049
21,Santa Fe,8,Iriondo,82,Santa Fe,56,Iriondo,0.747533796,0.03603396,0.953903411,0.007109111,0.054952277,0.476124666,0.212838395,0.147896513,0.027466783,0.065559357,0.8186,82056
21,Santa Fe,9,La Capital Secc.,82,Santa Fe,63,La Capital,0.734165794,0.052020846,0.915461052,0.007945259,0.060600789,0.435869686,0.245103248,0.104065375,0.048766859,0.127831705,0.9815,82063
21,Santa Fe,11,Las Colonias,82,Santa Fe,70,Las Colonias,0.692894806,0.029767534,0.970003003,0.005126446,0.054582042,0.473953516,0.232595811,0.125493111,0.023672637,0.083995125,0.7315,82070
21,Santa Fe,12,Nueve de Julio,82,Santa Fe,77,9 de Julio,0.702653248,0.124419596,1.017174927,0.001810137,0.10659107,0.68026194,0.313086618,0.073712792,0.023985941,0.02649206,0.6506,82077
21,Santa Fe,13,Rosario Secc.,82,Santa Fe,84,Rosario,0.725737709,0.059273203,0.918673716,0.020913116,0.055910094,0.412350049,0.212370927,0.122819526,0.042949338,0.151752177,0.9794,82084
21,Santa Fe,16,San Cristobal,82,Santa Fe,91,San CristÍ_bal,0.669452608,0.059280393,0.975902923,0.004224861,0.067543217,0.545381958,0.26501931,0.111283719,0.023225182,0.041579354,0.7438,82091
21,Santa Fe,17,San Javier,82,Santa Fe,98,San Javier,0.760408656,0.100847458,1.002263614,0.002099551,0.084098483,0.611536359,0.292451307,0.085209471,0.031463263,0.025458537,0.7764,82098
21,Santa Fe,18,San Jeronimo,82,Santa Fe,105,San JerÍ_nimo,0.758358663,0.054810438,0.985948017,0.003500742,0.063921741,0.537546586,0.237283523,0.127746165,0.026627171,0.05015092,0.7525,82105
21,Santa Fe,19,San Justo,82,Santa Fe,112,San Justo,0.723099215,0.052614358,0.968431184,0.001637982,0.066724725,0.553013536,0.256820849,0.123019754,0.025321349,0.042990803,0.7245,82112
21,Santa Fe,20,San Lorenzo,82,Santa Fe,119,San Lorenzo,0.779420889,0.058906945,0.951369328,0.009354234,0.061457184,0.471358759,0.23878414,0.109408286,0.042578775,0.069586462,0.9591,82119
21,Santa Fe,21,San Martin,82,Santa Fe,126,San MartÍ_n,0.746379174,0.034717412,0.968184481,0.004902729,0.054784634,0.474150934,0.227342502,0.141724883,0.019051064,0.062460134,0.8388,82126
21,Santa Fe,22,Vera,82,Santa Fe,133,Vera,0.738953646,0.126823268,0.995272784,0.001786616,0.098917293,0.661603096,0.298908611,0.082689245,0.03912465,0.023904124,0.6777,82133
22,Santiago del Estero,3,Aguirre,86,Santiago del Estero,7,Aguirre,0.772879732,0.138878434,1.058425751,0.001839685,0.110849057,0.782796598,0.318396846,0.081865966,0.031255849,0.021918211,0.6026,86007
22,Santiago del Estero,4,Alberdi,86,Santiago del Estero,14,Alberdi,0.878643216,0.300690676,1.099549714,0.00202875,0.145355737,0.895725307,0.38337584,0.063992581,0.017933937,0.008625449,0.5592,86014
22,Santiago del Estero,5,Atamisqui,86,Santiago del Estero,21,Atamisqui,0.948015873,0.23552,0.989617486,0.001373249,0.129772502,0.907424016,0.370777259,0.088803442,0.038255223,0.006804168,0.3118,86021
22,Santiago del Estero,2,Avellaneda,86,Santiago del Estero,28,Avellaneda,0.860526853,0.267915781,1.032599119,0.001493041,0.129314813,0.853892402,0.377161297,0.071232481,0.032516704,0.006516654,0.2017,86028
22,Santiago del Estero,6,Banda,86,Santiago del Estero,35,Banda,0.870247418,0.144908951,0.950122672,0.002277216,0.088943026,0.654973826,0.305709205,0.072927136,0.038837524,0.0484348,0.8461,86035
22,Santiago del Estero,7,Belgrano,86,Santiago del Estero,42,Belgrano,0.731500202,0.152464654,1.0499002,0.00292113,0.096120838,0.627475964,0.299578059,0.071513578,0.015165302,0.026498116,0.6875,86042
22,Santiago del Estero,1,Capital,86,Santiago del Estero,49,Capital,0.871745672,0.08296893,0.915945834,0.003200749,0.067329672,0.522575899,0.276458587,0.078618624,0.042310265,0.096922766,0.9567,86049
22,Santiago del Estero,8,Copo,86,Santiago del Estero,56,Copo,0.855623504,0.288575492,1.080975416,0.017609222,0.138891741,0.830008371,0.362947395,0.062699019,0.016519552,0.009417969,0.6042,86056
22,Santiago del Estero,9,Choya,86,Santiago del Estero,63,Choya,0.811833069,0.111654885,0.979727029,0.003432659,0.086301077,0.689950868,0.28912222,0.088874145,0.034085095,0.03295552,0.7934,86063
22,Santiago del Estero,10,Figueroa,86,Santiago del Estero,70,Figueroa,0.906709109,0.351981352,1.138228942,0.001066218,0.148358968,0.907217122,0.36301908,0.084567901,0.016538789,0.003968779,0,86070
22,Santiago del Estero,27,Taboada,86,Santiago del Estero,77,General Taboada,0.838752342,0.180941862,0.994399665,0.002598084,0.13527896,0.771026715,0.343970608,0.06922976,0.036238371,0.016781268,0.7517,86077
22,Santiago del Estero,11,Guasayan,86,Santiago del Estero,84,GuasayÍçn,0.857435897,0.174508127,1.073084265,0.001315443,0.096351991,0.836837679,0.308602999,0.092475664,0.034514752,0.011539585,0,86084
22,Santiago del Estero,12,Jimenez,86,Santiago del Estero,91,JimÍ©nez,0.906023424,0.306200208,1.05292519,0.009615385,0.139253731,0.891322221,0.338001672,0.081521739,0.028652713,0.006653684,0.3157,86091
22,Santiago del Estero,14,Matara,86,Santiago del Estero,98,Juan F. Ibarra,0.868660287,0.237623762,1.048689139,0.002105147,0.137073316,0.861167362,0.370173398,0.065591934,0.016207043,0.008400128,0.4233,86098
22,Santiago del Estero,13,Loreto,86,Santiago del Estero,105,Loreto,0.902969469,0.174352134,0.937717602,0.001397485,0.096947744,0.803989732,0.342832901,0.079157516,0.027502022,0.015614544,0.5928,86105
22,Santiago del Estero,15,Mitre,86,Santiago del Estero,112,Mitre,0.875,0.189440994,1.116461366,0.001058201,0.11903425,0.936552499,0.33968254,0.080952381,0.01537279,0.004972032,0,86112
22,Santiago del Estero,16,Moreno,86,Santiago del Estero,119,Moreno,0.80835677,0.266936158,1.053953845,0.002178649,0.143000737,0.820037106,0.36660442,0.06031746,0.015982824,0.016222901,0.625,86119
22,Santiago del Estero,17,Ojo de Agua,86,Santiago del Estero,126,Ojo de Agua,0.81897463,0.157136322,0.995725887,0.000856653,0.093570348,0.812405102,0.322101656,0.087878355,0.018112976,0.015617568,0.6348,86126
22,Santiago del Estero,18,Pellegrini,86,Santiago del Estero,133,Pellegrini,0.880664653,0.238625517,1.079683698,0.001998635,0.125987961,0.879648624,0.351369796,0.08608755,0.027451267,0.007997763,0.2399,86133
22,Santiago del Estero,19,Quebrachos,86,Santiago del Estero,140,Quebrachos,0.797292483,0.149095446,1,0.000567752,0.106357215,0.837731271,0.341029523,0.086771385,0.022265247,0.01254868,0.5637,86140
22,Santiago del Estero,22,Rio Hondo,86,Santiago del Estero,147,RÍ_o Hondo,0.887889732,0.145218651,0.977759354,0.004538247,0.113532466,0.77179941,0.313102594,0.084932655,0.040650832,0.027225841,0.6666,86147
22,Santiago del Estero,20,Rivadavia,86,Santiago del Estero,154,Rivadavia,0.670299728,0.070975188,1.071458075,0.000997009,0.068658614,0.626282051,0.296311067,0.068594217,0.019283747,0.02999781,0.6061,86154
22,Santiago del Estero,21,Robles,86,Santiago del Estero,161,Robles,0.835894052,0.236527215,1.01666364,0.002971969,0.109957504,0.78763721,0.337701227,0.071417314,0.026631115,0.018826955,0.7034,86161
22,Santiago del Estero,25,Salavina,86,Santiago del Estero,168,Salavina,0.942604857,0.209189843,1.088049144,0.001069805,0.129379019,0.896326217,0.383970759,0.082731568,0.036938946,0.004215071,0.254,86168
22,Santiago del Estero,24,San Martin,86,Santiago del Estero,175,San MartÍ_n,0.905793897,0.328936521,1.032878412,0.004170481,0.120628986,0.918249661,0.372495168,0.09551419,0.0253693,0.005768099,0,86175
22,Santiago del Estero,26,Sarmiento,86,Santiago del Estero,182,Sarmiento,0.874172185,0.230418251,1.079909707,0.000651183,0.123329426,0.911062907,0.387670936,0.071847189,0.017325017,0.006185057,0.5747,86182
22,Santiago del Estero,23,Silipica,86,Santiago del Estero,189,SilÍ_pica,0.902144035,0.267963263,1.083761146,0.000778008,0.095670103,0.861424251,0.327671162,0.091286307,0.082869855,0.007094252,0,86189
23,Tucumêçn,13,Burruyacu,90,TucumÍçn,7,BurruyacÍ_,0.778244578,0.193498452,1.056031605,0.002219155,0.123143778,0.824430558,0.326053422,0.068441991,0.042260633,0.017491801,0.1911,90007
23,Tucumêçn,12,Cruz Alta,90,TucumÍçn,14,Cruz Alta,0.803915148,0.167861799,0.977507779,0.002548491,0.091264069,0.675141409,0.307746857,0.061861839,0.050774767,0.039993025,0.7933,90014
23,Tucumêçn,5,Chicligasta,90,TucumÍçn,21,Chicligasta,0.822946033,0.15359604,0.960586707,0.003691088,0.078617835,0.648143504,0.291001424,0.082009042,0.038346366,0.067947735,0.7298,90021
23,Tucumêçn,3,Famailla,90,TucumÍçn,28,FamaillÍç,0.786507046,0.174175283,0.99365116,0.002576573,0.095668538,0.692455045,0.319408257,0.061114006,0.031444467,0.033590038,0.6735,90028
23,Tucumêçn,9,Graneros,90,TucumÍçn,35,Graneros,0.847457627,0.180545498,1.079650092,0.001328315,0.092381991,0.824594257,0.306988414,0.08840676,0.030602782,0.014627332,0.3991,90035
23,Tucumêçn,7,Alberdi,90,TucumÍçn,42,Juan Bautista Alberdi,0.731930103,0.148148148,0.97279311,0.001554387,0.085591262,0.667555992,0.290736515,0.077818567,0.027164301,0.051282051,0.6257,90042
23,Tucumêçn,8,La Cocha,90,TucumÍçn,49,La Cocha,0.830909486,0.186595281,1.016341256,0.002631302,0.090685315,0.773428299,0.319913693,0.069571624,0.031507259,0.023174903,0.3628,90049
23,Tucumêçn,11,Leales,90,TucumÍçn,56,Leales,0.852594599,0.138452436,1.017661746,0.001419498,0.08936162,0.762414557,0.284409179,0.087299132,0.039037182,0.02897109,0.317,90056
23,Tucumêçn,2,Lules,90,TucumÍçn,63,Lules,0.799401015,0.179894494,0.983086681,0.012515699,0.086522099,0.63903735,0.315433595,0.060110407,0.041786535,0.058102416,0.7829,90063
23,Tucumêçn,4,Monteros,90,TucumÍçn,70,Monteros,0.832099849,0.124344787,0.975385666,0.002089848,0.082802654,0.697442472,0.286277714,0.08324822,0.033942615,0.04679177,0.7023,90070
23,Tucumêçn,6,Rio Chico,90,TucumÍçn,77,RÍ_o Chico,0.837024418,0.137446549,0.991208098,0.003834855,0.082093162,0.701800828,0.290252784,0.077084103,0.037421687,0.053098207,0.7876,90077
23,Tucumêçn,1,Capital,90,TucumÍçn,84,Capital,0.721468277,0.09119329,0.906738091,0.006886927,0.065928209,0.477529482,0.250491012,0.093981045,0.05351193,0.181447596,1,90084
23,Tucumêçn,10,Simoca,90,TucumÍçn,91,Simoca,0.843301587,0.170554273,1.05867449,0.002072807,0.097279868,0.814032557,0.286306516,0.106296152,0.032262336,0.018040864,0.2598,90091
23,Tucumêçn,17,Tafi del Valle,90,TucumÍçn,98,TafÍ_ del Valle,0.843907351,0.072669641,1.054340349,0.004888502,0.095638651,0.708627394,0.299872765,0.095493203,0.024475856,0.032203013,0.2113,90098
23,Tucumêçn,16,Tafi Viejo,90,TucumÍçn,105,TafÍ_ Viejo,0.813247347,0.1233925,0.957136651,0.005195745,0.077385051,0.547856744,0.301073678,0.06701853,0.054769491,0.076946955,0.852,90105
23,Tucumêçn,14,Trancas,90,TucumÍçn,112,Trancas,0.711776627,0.148497605,1.048950224,0.035979506,0.095284752,0.724848784,0.335847101,0.083472454,0.031431701,0.025834091,0.4327,90112
23,Tucumêçn,15,Yerba Buena,90,TucumÍçn,119,Yerba Buena,0.842133621,0.078509039,0.950025974,0.009177367,0.0702836,0.399073359,0.283366189,0.06008578,0.041071105,0.215604294,0.9621,90119
24,Tierra del Fuego,2,Rê_o Grande,94,Tierra del Fuego,7,RÍ_o Grande,0.692573564,0.779698087,1.054318815,0.092844293,0.064669175,0.224627195,0.280288969,0.038562577,0.050719277,0.089145732,0.9315,94007
24,Tierra del Fuego,1,Ushuaia,94,Tierra del Fuego,14,Ushuaia,0.611073098,0.75961107,1.046862646,0.084152679,0.06092811,0.204731133,0.266837559,0.037853782,0.04386648,0.122228925,0.9678,94014
,,,,94,Tierra del Fuego,21,Islas del AtlÍçntico Sur,,,,0,0,,0,0,,0.176470588,0,94021
24,Tierra del Fuego,3,Antêçrtida,94,Tierra del Fuego,28,AntÍçrtida Argentina,0,,5.551724138,0.015789474,0.015873016,0,0.073684211,0,0,0.259259259,0.9144,94028